country;1980;1981;1982;1983;1984;1985;1986;1987;1988;1989;1990;1991;1992;1993;1994;1995;1996;1997;1998;1999;2000;2001;2002;2003;2004;2005;2006;2007;2008;2009;2010;2011;2012;2013;2014;2015;2016;2017;2018;2019;2020;2021;2022;2023;2024
Afghanistan;NA;NA;NA;NA;NA;NA;NA;NA;NA;NA;NA;NA;NA;NA;NA;NA;NA;NA;NA;NA;NA;NA;848.304;902.056;897.513;999.89;1052.752;1179.875;1218.288;1442.729;1538.807;1621.757;1823.087;1896.559;1921.603;1903.914;1913.113;1951.865;2025.472;2094.928;2181.532;2283.882;2401.596;2537.826;2695.338
Albania;2082.077;2361.197;2525.848;2597.954;2688.374;2676.209;2827.772;2817.694;2822.464;3135.162;2875.053;2152.989;2055.939;2320.814;2609.152;2918.919;3263.07;2975.277;3295.094;3797.544;4178.664;4668.061;4971.922;5364.266;5836.815;6383.82;7009.317;7686.137;8488.191;8899.566;9383.479;9849.795;10197.854;10499.961;10906.615;11297.524;11811.747;12494.07;13326.694;13991.142;14866.443;15803.751;16794.599;17845.851;18964.218
Algeria;4654.986;5090.092;5571.582;5908.499;6263.334;6508.234;6451.61;6396.571;6307.636;6702.71;6918.987;6896.014;6994.728;6847.521;6779.046;7043.027;7312.659;7396.56;7738.016;7977.124;8315.217;8625.835;9117.5;9808.399;10349.445;11133.229;11489.919;12013.908;12270.973;12325.125;12664.666;13026.656;13441.898;13766.248;14249.828;14613.714;14911.767;15063.637;15331.743;15696.386;16090.69;16415.123;16699.103;16924.283;17132.051
Angola;1284.213;1308.496;1353.537;1428.23;1528.152;1447.984;1477.75;1536.849;1644.03;1663.575;1622.967;1645.138;1819.899;2007.161;2199.505;2406.166;2645.475;2802.768;2880.852;2899.227;2965.606;3066.131;3437.162;3500.643;3872.461;4459.41;4975.643;5655.469;6222.56;6139.644;6323.302;6484.974;6964.995;7221.681;7485.49;7411.591;7077.096;6977.938;6851.272;6752.384;6762.89;6894.067;7054.723;7274.51;7477.329
Antigua and Barbuda;3908.795;4476.919;4804.648;5337.423;6191.918;6993.058;8094.019;8999.98;9951.395;10985.036;11750.926;12312.177;12533.411;13209.204;14028.212;13337.43;14087.896;14699.099;15153.711;15557.802;16618.717;15871.207;16114.105;17222.418;18501.639;20085.245;23078.815;25617.672;25830.246;22632.514;20936.821;20732.565;21610.358;21624.866;22618.079;23475.054;24756.018;25738.711;28012.75;29345.729;30593.263;31667.681;32598.14;33554.655;34543.119
Argentina;6337.694;6423.922;6496.474;6905.075;7175.075;6771.739;7307.784;7591.456;7612.351;7266.465;7284.39;8210.295;9137.572;9793.019;10450.983;10239.546;10873.101;11820.424;12275.454;11901.163;11944.748;11551.612;10355.794;11385.26;12614.946;14024.955;15460.555;17136.308;18000.36;16898.805;18524.847;19817.451;19764.275;20365.566;20000.192;20537.743;20105.058;20800.31;20551.043;20055.34;19970.52;20448.718;21101.651;21948.521;22854.049
Armenia;NA;NA;NA;NA;NA;NA;NA;NA;NA;NA;NA;NA;1422.67;1281.411;1412.989;1592.38;1732.258;1839.224;1995.632;2102.145;2282.301;2569.872;3006.898;3504.606;3988.983;4724.93;5528.762;6479.469;7088.125;6152.201;6368.636;6803.483;7423.634;7776.968;8192.152;8531.855;8630.802;9496.259;10273.434;11083.073;11844.654;12632.133;13464.199;14350.525;15296.914
Aruba;NA;NA;NA;NA;NA;NA;NA;NA;NA;NA;NA;NA;NA;NA;NA;28826.386;28571.209;29921.32;30074.991;30510.057;33215.587;32491.651;31844.146;32702.186;35472.959;36077.732;36891.283;38365.851;38873.962;34495.813;33647.861;35230.99;34813.278;36272.965;36819.954;36586.971;36698.731;38094.138;39345.367;40148.459;41176.392;42320.02;43481.284;44684.7;45938.396
Australia;10513.675;11794.155;12326.073;12587.925;13698.361;14693.408;15129.512;16008.521;16975.122;18184.666;18888.594;19097.657;19830.685;20899.779;22172.098;22989.974;24104.587;25388.673;26605.805;27871.634;29019.986;30042.512;31437.314;32508.662;34432.446;36049.207;37602.326;39553.901;40516.047;40852.377;41728.821;43098.706;44819.682;45841.647;47229.419;48193.838;49218.89;50560.909;52379.456;53378.525;54799.038;56477.091;58238.98;60037.524;61879.686
Austria;11257.774;12285.876;13277.185;14225.986;14786.635;15585.997;16254.915;16914.301;17656.597;19016.93;20449.982;21681.776;22384.713;22791.475;23698.401;24779.646;25803.691;26767.829;28007.853;29365.51;30960.845;31918.38;32796.422;33569.901;35194.609;36853.319;39077.378;41486.192;42774.827;41379.228;42530.549;44541.75;45500.105;46032.011;46825.517;47379.176;48229.748;49963.648;52172.116;53558.439;55171.987;56823.474;58520.045;60295.551;62154.301
Azerbaijan;NA;NA;NA;NA;NA;NA;NA;NA;NA;NA;NA;NA;4675.83;3667.117;2965.02;2616.816;2702.927;2965.555;3148.051;3523.129;3788.353;4081.115;4494.286;4997.588;5553.389;7242.269;9909.138;12599.848;14021.246;15205.099;15984.189;15861.326;16299.844;17327.215;17910.751;18066.218;17488.805;17633.927;18022.631;18615.794;19155.918;19733.915;20331.256;20973.185;21652.918
Bahamas, The;11913.72;12426.002;13704.772;14870.416;15432.308;16358.835;16831.853;17588.171;18239.057;19063.319;19653.601;19143.211;18508.485;18680.349;19343.501;20195.904;21071.688;22120.798;23041.921;24642.146;25823.635;26682.612;27436.887;27206.73;27802.005;29249.626;30518.47;31412.339;30914.63;29510.218;29978.707;30452.451;31641.202;30900.825;31354.369;31518.139;31633.348;31894.414;32816.553;33333.172;33431.983;34454.109;35358.798;36238.427;37139.515
Bahrain;17636.426;19079.409;20801.151;22365.081;23355.192;23074.897;22847.261;22329.54;23642.636;23955.157;25500.07;25886.68;27900.123;29934.881;30736.508;31153.742;31903.85;32351.931;33410.614;34983.351;37279.296;37644.52;36782.089;37012.94;37739.298;38506.7;39088.759;40169.191;40863.827;39645.121;39943.002;42962.579;44895.249;46457.745;47071.205;46932.227;47224.719;48964.93;50048.506;50931.48;51991.126;53247.209;54551.62;56073.552;57745.859
Bangladesh;499.655;562.059;599.673;634.829;667.264;695.332;718.072;737.412;761.32;804.337;851.66;896.203;939.308;981.604;1025.744;1074.32;1125.08;1180.644;1229.232;1289.41;1366.638;1438.621;1506.72;1597.925;1715.915;1855.899;2018.611;2184.009;2325.265;2442.218;2591.539;2785.466;2980.852;3177.276;3405.127;3638.284;3900.285;4231.271;4630.291;5027.972;5453.008;5910.605;6402.909;6935.953;7514.217
Barbados;6013.344;6434.596;6477.916;6747.278;7223.262;7512.172;8028.765;8412.582;8982.14;9635.647;9632.375;9536.786;9166.258;9425.963;9785.334;10156.332;10712.763;11371.167;11884.539;12051.717;12825.66;12757.045;13023.241;13514.269;14030.397;14990.639;16258.674;16994.428;17372.288;16547.548;16293.093;16460.772;16642.711;16641.071;16875.302;17417.004;17985.412;18365.035;18655.473;18921.362;19363.581;20008.941;20733.109;21482.665;22261.822
Belarus;NA;NA;NA;NA;NA;NA;NA;NA;NA;NA;5461.462;5575.686;5144.193;4854.921;4383.569;3999.347;4200.063;4784.1;5271.434;5541.227;6008.815;6452.082;6924.429;7602.78;8761.993;9955.159;11360.372;12741.795;14376.364;14552.359;15886.259;17152.522;17810.141;18305.533;18944.154;18383.108;18071.81;18864.474;19940.726;20643.662;21223.741;21793.512;22355.87;22923.883;23415.16
Belgium;10852.809;11836.487;12653.877;13185.869;14005.721;14680.36;15247.06;15975.079;17300.358;18505.138;19759.849;20720.98;21442.427;21639.304;22741.578;23701.86;24490.217;25767.853;26515.206;27798.008;29379.156;30195.282;31078.977;31759.191;33667.779;35275.72;37021.741;39055.801;39817.548;38902.595;40112.113;41077.273;41678.395;42257.774;43412.849;44403.75;45218.147;46701.153;48327.204;49528.891;50904.687;52362.042;53837.244;55373.925;56962.674
Belize;1371.325;1501.281;1446.726;1551.158;1741.674;1723.311;1832.96;2232.704;2512.381;2937.75;3294.262;3698.047;4132.312;4363.832;4337.299;4344.066;4375.472;4448.493;4500.146;4872.728;5478.211;5708.325;5913.574;6380.851;6641.069;6803.352;7098.993;7128.87;7255.265;7342.558;7661.671;7784.074;7960.437;7960.373;8237.107;8388.531;8210.271;8268.309;8503.859;8663.871;8790.555;8899.185;8995.302;9093.991;9192.567
Benin;1015.446;1094.98;1146.951;1131.244;1140.821;1188.516;1207.105;1174.85;1218.483;1194.871;1309.448;1364.088;1387.327;1451.373;1461.378;1530.952;1576.041;1644.592;1678.574;1725.335;1812.331;1892.746;1951.658;1994.789;2075.898;2113.887;2199.099;2326.016;2418.117;2424;2434.797;2488.575;2585.012;2741.94;2888.735;2889.465;2934.652;3073.721;3267.363;3446.424;3647.81;3865.636;4094.368;4336.021;4593.61
Bhutan;475.069;575.356;644.256;702.457;764.342;800.003;853.717;1016.11;1173.103;1262.852;1413.305;1535.506;1624.469;1745.803;1847.801;2011.883;2154.127;2277.253;2381.827;2516.752;2678.247;2843.942;3073.892;3316.627;3532.515;3784.778;4071.325;4616.15;5114.018;5347.414;5815.314;6406.6;6827.44;7080.758;7378.279;7791.86;8317.098;8860.899;9343.63;9876.208;10626.822;11304.479;12131.422;13050.548;13941.296
Bolivia;2096.53;2126.172;2124.279;2074.931;2101.62;2088.155;2032.928;2090.882;2182.047;2305.42;2451.402;2613.231;2661.243;2761.674;2870.256;3007.595;3133.814;3280.573;3416.887;3414.466;3511.051;3581.109;3660.558;3761.35;3953.22;4183.041;4439.531;4687.037;4988.278;5110.462;5296.82;5598.567;5904.187;6212.4;6574.625;6861.006;7129.411;7454.34;7842.232;8172.197;8524.755;8890.854;9267.33;9659.379;10069.144
Bosnia and Herzegovina;NA;NA;NA;NA;NA;NA;NA;NA;NA;NA;NA;NA;NA;NA;NA;NA;2991.932;3766.898;4337.753;4862.217;5181.236;5413.364;5769.969;6098.324;6650.765;7147.931;7787.615;8487.248;9161.548;9197.719;9437.947;9810.166;10038.31;10579.832;11018.72;11573.155;12134.675;12783.853;13583.246;14219.713;14894.162;15624.257;16420.464;17279.756;18206.147
Botswana;1837.665;2136.079;2534.488;2814.053;2994.95;3209.03;3429.426;3894.61;4800.811;5038.627;5481.881;5846.528;5798.861;6006.702;5927.832;6317.364;6648.481;7143.948;7126.074;7778.32;7973.002;8046.849;8556.882;9009.179;9388.658;9995.74;11011.464;12074.373;12895.071;11837.073;12836.171;13596.157;14211.34;15804.531;16455.194;16043.655;16598.883;17085.613;17947.746;18558.387;19387.623;20574.13;21397.095;22264.232;23174.117
Brazil;4899.586;5015.073;5241.125;5149.478;5501.111;5997.969;6449.618;6716.674;6844.713;7212.359;6960.74;7148.431;7153.068;7560.406;8044.951;8429.521;8354.32;8651.458;8644.248;8678.242;9127.373;9325.375;9636.835;9806.207;10524.349;11069.84;11724.696;12636.264;13398.624;13346.942;14378.916;15131.437;15583.335;16195.657;16437.918;15880.886;15386.678;15715.758;16146.092;16461.794;17016.318;17665.719;18332.655;19039.059;19751.237
Brunei Darussalam;NA;NA;NA;NA;NA;54738.588;53233.924;52965.071;52915.369;55084.813;56147.886;58246.334;60839.896;61030.102;62557.981;65289.286;66727.984;65281.123;63991.627;65335.358;67030.382;68679.861;70076.803;72315.911;72541.542;75342.461;79713.225;80734.808;79600.505;77691.836;79283.671;82567.707;83785.041;82491.75;81047.237;80609.906;78512.228;78742.004;78350.306;80383.639;85011.222;88922.466;92895.532;96003.851;98955.587
Bulgaria;4497.023;5168.072;5701.471;6087.234;6585.398;6911.011;7426.134;7978.135;8480.347;8807.325;8358.152;7777.009;7360.119;6736.507;6707.349;6815.126;6448.948;6502.089;6943.423;7042.182;7483.427;8195.748;8870.668;9555.504;10498.379;11660.065;12904.723;14297.345;15521.565;15164.452;15666.149;16694.86;17120.054;17600.372;18365.717;19331.02;20448.499;21786.614;23169.339;24595.091;26034.326;27534.039;29046.843;30641.595;32327.535
Burkina Faso;349.149;383.233;402.631;403.094;413.598;462.808;496.652;494.673;527.779;545.67;547.913;601.501;600.257;618.753;623.049;654.261;719.456;756.732;798.475;845.21;855.739;906.026;933.193;995.48;1037.242;1128.334;1195.767;1243.546;1301.296;1309.808;1394.252;1472.716;1550.634;1620.218;1671.344;1703.69;1771.277;1863.958;1981.957;2077.248;2181.43;2293.621;2410.307;2532.401;2660.978
Burundi;340.445;406.083;414.484;434.001;437.538;490.203;501.624;526.876;556.59;569.528;593.872;630.961;633.799;609.407;588.389;542.978;499.491;501.962;522.45;520.547;525.886;530.454;535.461;545.841;564.705;604.974;637.889;657.9;680.836;689.432;710.469;731.872;755.653;790.124;816.422;769.21;745.23;735.732;732.796;727.168;723.601;720.611;717.219;713.816;710.509
Cabo Verde;800.245;935.508;1002.863;1118.451;1177.481;1292.144;1328.084;1390.452;1494.215;1606.212;1640.527;1680.032;1728.746;1854.075;2031.589;2172.447;2303.211;2463.824;2641.96;2934.946;3153.544;3353.923;3520.394;3787.417;4015.402;4317.313;4790.679;5310.53;5711.807;5622.323;5708.99;5991.785;6101.782;6184.948;6261.697;6312.932;6596.177;6882.1;7320.466;7729.344;8175.703;8657.344;9163.179;9696.391;10261.401
Cambodia;NA;NA;NA;NA;NA;NA;NA;525.259;579.258;603.713;613.252;659.098;696.695;716.236;759.271;795.681;833.169;857.875;885.657;989.303;1084.47;1179.046;1252.717;1360.426;1516.306;1743.256;1960.312;2187.528;2346.322;2332.181;2461.635;2646.492;2860.242;3073.379;3300.249;3511.513;3731.505;4006.806;4348.413;4664.441;5004.101;5369.239;5754.228;6162.074;6596.638
Cameroon;1231.947;1533.83;1703.826;1841.331;1996.621;2168.92;2299.425;2241.688;2077.31;2058.128;1943.099;1875.431;1804.671;1736.732;1679.481;1723.11;1790.71;1866.139;1925.61;1977.401;2036.417;2112.823;2176.256;2254.774;2405.143;2461.255;2551.965;2674.11;2744.386;2749.134;2806.199;2910.356;3025.309;3165.609;3330.644;3468.789;3578.17;3682.868;3830.105;3955.243;4099.367;4266.082;4456.154;4666.885;4895.259
Canada;11786.114;13184.047;13391.108;14134.977;15364.434;16449.238;16972.902;17874.436;19065.507;19926.954;20393.698;20382.01;20783.967;21592.999;22799.736;23656.971;24226.107;25442.38;26504.272;28048.185;29884.284;30760.908;31843.481;32711.044;34305.36;36163.548;37857.215;39294.255;40034.725;38713.59;39926.148;41625.95;42715.71;44009.215;45642.564;46064.134;46568.617;48273.073;49690.168;50725.441;52144.446;53652.54;55159.383;56702.519;58302.179
Central African Republic;443.248;531.917;531.217;506.301;563.053;586.507;620.004;622.242;642.483;679.262;699.284;701.089;665.855;657.443;738.072;759.594;709.711;735.249;752.237;769.429;744.121;766.435;781.508;765.44;772.388;805.861;854.36;896.053;919.836;934.787;970.442;1012.415;1063.128;674.863;674.673;697.59;724.088;756.292;788.839;822.552;863.621;907.399;953.071;1000.989;1051.474
Chad;434.409;413.828;451.679;529.626;563.493;611.922;645.352;668.712;726.366;750.809;784.243;874.127;893.979;875.175;920.87;878.3;891.012;933.995;985.154;967.775;956.049;1064.311;1144.343;1221.595;1635.47;1782.019;1802.781;1865.147;1911.87;1957.243;2194.427;2188.243;2367.449;2485.445;2639.937;2648.412;2465.488;2385.701;2442.485;2480.777;2602.629;2716.355;2847.865;2949.642;3045.659
Chile;3440.898;3935.059;3552.424;3531.343;3813.769;3950.305;4180.963;4487.867;4900.541;5539.195;5860.133;6407.496;7116.011;7651.874;8086.238;8855.103;9502.074;10243.945;10672.34;10643.1;11326.462;11821.24;12244.417;12846.752;13996.635;15109.217;16383.519;17468.396;18244.823;17894.451;18952.231;20305.761;21562.17;22610.481;23204.883;23741.907;24131.33;24553.747;25700.477;26317.067;27150.376;28285.694;29569.109;30937.826;32363.998
China, People's Republic of;309.588;351.295;400.244;454.78;535.795;618.513;676.537;761.679;863.224;920.83;978.295;1091.22;1259.911;1452.355;1657.561;1857.406;2057.132;2262.26;2443.731;2648.145;2915.891;3206.446;3532.252;3934.574;4424.634;5051.12;5835.108;6810.616;7574.536;8309.275;9249.603;10290.469;11260.48;12291.126;13362.736;14362.083;15397.396;16658.556;18116.045;19503.909;20984.278;22620.397;24333.161;26159.699;28110.459
Colombia;2761.686;3024.435;3172.15;3277.495;3436.621;3680.383;3892.384;4116.577;4343.979;4573.543;4849.127;5027.579;5260.803;5586.352;5892.824;6223.52;6364.159;6609.242;6618.834;6351.124;6584.16;6754.629;6945.662;7260.494;7757.38;8273.734;8993.598;9750.657;10143.069;10222.163;10664.975;11553.558;12093.717;12720.693;13414.702;13798.411;14073.167;14371.577;14935.683;15541.193;16264.966;17052.535;17885.706;18758.868;19676.868
Comoros;963.379;1085.051;1170.358;1225.022;1309.084;1346.41;1359.766;1379.466;1453.962;1450.904;1571.568;1575.216;1693.133;1739.708;1670.087;1763.545;1749.158;1818.896;1801.262;1837.893;1821.999;1922.382;2000.326;2034.3;2102.379;2236.67;2206.349;2226.644;2300.122;2331.548;2384.672;2469.497;2528.788;2617.593;2650.384;2636.932;2660.99;2716.999;2789.537;2799.036;2897.948;2984.783;3070.617;3160.53;3252.325
Congo, Dem. Rep. of the;786.387;841.159;860.671;878.014;923.298;926.352;957.994;975.712;982.394;975.844;915.653;838.988;743.792;637.817;591.88;601.145;585.459;537.509;512.251;490.087;446.871;434.42;427.069;430.708;442.556;453.916;476.898;503.942;528.618;530.778;557.278;589.225;624.355;669.121;724.316;759.683;763.074;782.931;823.93;849.125;873.474;894.908;926.205;956.372;990.854
Congo, Republic of ;1973.22;2149.969;2267.821;2340.762;2408.488;2467.115;2498.614;2541.541;3111.55;3689.972;3750.416;3852.757;3944.868;3901.239;3673.821;3805.207;3942.57;3888.291;3979.532;3836.831;4116.85;4260.605;4415.917;4423.902;4586.286;4971.625;5308.78;5234.287;5496.031;5826.742;6251.983;6438.221;6646.788;6814.326;7234.493;7318.312;7009.658;6844.007;6948.527;7174.011;7336.446;7445.528;7413.187;7470.244;7602.153
Costa Rica;3561.317;3697.503;3534.007;3670.27;3991.584;4025.941;4207.724;4392.851;4579.124;4899.771;5139.139;5309.422;5800.544;6196.271;6421.131;6634.781;6657.911;6969.95;7357.03;7574.287;8098.425;8254.657;8512.62;8898.157;9383.75;9899.346;10775.028;11798.005;12404.646;12197.206;12709.845;13361.785;14087.299;14473.499;15069.923;15590.114;16225.144;16895.71;17565.529;18037.749;18650.945;19350.871;20097.101;20918.725;21840.362
Croatia;NA;NA;NA;NA;NA;NA;NA;NA;NA;NA;NA;NA;8122.326;7824.358;8649.791;9568.083;10221.095;10899.133;11404.125;11327.191;12489;13436.647;14366.295;15446.092;15989.071;17153.051;18540.717;20062.848;20878.95;19526.155;19511.214;20486.285;20461.052;20776.053;21231.779;22145.497;23332.492;24757.027;26256.333;27728.66;29207.129;30808.258;32406.139;33991.765;35630.227
Cyprus;6166.616;6869.539;7665.626;8280.502;9211.739;9838.207;10274.295;11157.725;12382.124;13707.34;14959.18;15173.568;16536.297;16632.677;17618.265;19576.728;19847.833;20413.137;21615.355;22765.437;24390.294;25648.214;26717.936;27607.969;29398.484;31344.018;33317.462;35297.188;36411.392;35020.31;34927.834;34922.853;33675.471;32135.289;32596.996;34018.646;35968.933;37993.714;39987.187;41406.869;42956.464;44523.606;46073.019;47606.453;49220.981
Czech Republic;NA;NA;NA;NA;NA;NA;NA;NA;NA;NA;NA;NA;NA;NA;NA;13937.98;14852.427;15036.483;15170.484;15624.466;16673.951;17614.235;18243.584;19268;20752.077;22788.661;25026.765;27057.793;28079.701;26722.174;27552.197;28560.541;28824.104;29158.298;30515.028;32390.036;33477.924;35508.965;37339.72;38833.774;40584.786;42458.547;44365.572;46359.223;48463.612
Côte d'Ivoire;1943.588;2152.778;2204.96;2125.934;2099.888;2160.666;2222.669;2181.693;2263.267;2326.77;2293.829;2280.889;2238.88;2082.121;2068.251;2166.334;2319.705;2431.525;2514.751;2526.635;2465.579;2458.782;2393.792;2344.147;2375.153;2428.155;2475.206;2521.017;2568.618;2604.635;2620.029;2480.349;2731.539;2960.207;3197.011;3426.847;3643.606;3896.826;4179.804;4457.151;4753.576;5060.046;5368.955;5684.15;6014.06
Denmark;11538.805;12542.626;13820.518;14742.046;15924.661;17089.62;18269.522;18737.777;19380.164;20267.238;21311.955;22292.512;23176.791;23643.017;25356.278;26574.431;27659.897;28921.384;29782.745;30994.054;32773.265;33646.456;34216.009;34888.307;36687.059;38617.06;41219.83;42557.454;42937.224;40876.118;41947.48;43193.97;43965.984;44977.472;46346.591;47651.253;48888.614;50570.141;52278.611;53881.848;55674.672;57464.938;59233.771;60985.496;62792.264
Djibouti;NA;NA;NA;NA;NA;NA;NA;NA;NA;NA;3444.394;3309.53;3311.261;3074.787;3013.353;2888.565;2754.546;2692.588;2651.746;2693.159;2697.471;2729.627;2784.527;2846.897;2922.928;3023.089;3175.933;3331.572;3495.67;3481.764;3568.505;3802.261;3952.176;4107.602;4357.054;4611.19;4845.595;5046.195;5304.905;5567.546;5854.802;6161.66;6480.862;6816.34;7169.989
Dominica;NA;2056.226;2281.6;2440.344;2644.022;2776.393;3043.573;3327.544;3727.573;3880.278;4258.944;4478.382;4673.043;4886.787;4992.415;5251.111;5512.836;5729.975;6012.648;6120.601;6403.277;6539.06;6459.18;7002.083;7415.204;7701.797;8310.437;9082.337;9925.321;9891.011;10080.702;10275.542;10361.755;10479.472;11141.864;10970.73;11363.882;10474.473;10786.833;12008.092;12850.776;13663.114;14434.492;15030.693;15560.71
Dominican Republic;2372.824;2647.855;2794.079;2967.515;3039.98;2996.789;3088.878;3401.824;3513.93;3729.813;3587.037;3679.241;4110.021;4435.464;4568.292;4847.435;5147.493;5612.092;5960.493;6309.769;6653.52;6872.406;7198.118;7135.873;7420.802;8270.212;9196.261;10030.183;10433.412;10498.666;11387.229;11862.307;12289.032;12975.249;14005.702;14985.093;15996.531;16900.462;18346.099;19410.756;20625.367;21874.833;23201.199;24602.772;26091.946
Ecuador;3255.482;3599.16;3760.66;3695.199;3883.222;4073.567;4175.313;3923.297;4373.565;4448.131;4643.602;4932.068;5111.286;5223.355;5449.706;5582.347;5684.696;5938.275;6108.876;5817.783;5924.379;6158.209;6373.149;6555.084;7159.423;7677.066;8113.821;8364.301;8907.447;8863.549;9113.659;9868.982;10451.503;10981.37;11425.338;11377.258;11182.44;11490.291;11759.598;11742.686;11866.24;12138.771;12542.226;12932.261;13336.569
Egypt;2252.474;2450.168;2717.108;2992.494;3258.696;3509.902;3656.234;3822.765;4032.989;4223.25;4444.054;4595.757;4618.968;4766.897;4969.657;5193.885;5423.123;5725.136;6092.926;6421.035;6725.835;6961.535;7148.987;7361.911;7709.952;8137.136;8775.551;9462.365;10118.941;10437.309;10848.159;11022.11;11218.815;11472.355;11747.99;12069.097;12554.826;12666.781;13357.694;14023.209;14800.337;15645.585;16531.445;17463.924;18281.565
El Salvador;2147.849;2191.611;2163.303;2269.018;2367.671;2438.128;2466.782;2560.306;2662.932;2750.453;2940.16;3038.718;3282.976;3510.818;3706.516;3913.961;3975.698;4127.365;4247.539;4364.214;4481.263;4588.454;4710.82;4848.77;4998.543;5288.45;5644.309;5880.748;6099.364;5985.957;6143.41;6462.89;6717.706;6928.704;7113.494;7292.477;7483.031;7727.053;8041.094;8312.907;8593.452;8881.33;9173.466;9474.937;9787.594
Equatorial Guinea;354.415;387.936;391.201;394.481;384.017;421.353;400.695;413.272;425.94;424.73;438.351;433.539;570.939;624.393;719.636;896.858;1343.475;3260.487;3955.34;4871.532;10067.343;15808.729;18441.694;20626.519;26468.181;28265.984;29650.013;33528.826;38452.361;37508.417;33033.315;34363.153;36315.497;33949.352;33316.932;29400.475;26063.62;24382.216;22717.509;21300.128;19960.892;18688.817;17437.512;16701.233;16079
Eritrea;NA;NA;NA;NA;NA;NA;NA;NA;NA;NA;NA;NA;506.947;586.704;723.63;750.026;820.871;881.707;884.609;870.79;767.133;826.881;839.681;808.548;818.629;842.029;836.03;847.929;678.633;748.015;818.556;1025.78;1040.817;927.289;1209.991;950.234;1010.222;912.089;1028.421;1059.624;1102.709;1151.142;1237.975;1302.191;1371.267
Estonia;NA;NA;NA;NA;NA;NA;NA;NA;NA;NA;NA;NA;NA;7328.403;7533.174;8013.58;8690.371;10108.235;10767.592;10847.014;12151.327;13243.277;14459.223;15941.861;17583.757;19966.107;22702.995;25193.2;24441.63;21113.875;21988.191;24191.296;25513.323;26404.209;27752.108;28556.971;29603.361;31856.154;34156.872;35852.914;37605.623;39445.971;41364.296;43386.83;45525.922
Eswatini;1885.121;2142.193;2242.265;2249.893;2312.506;2344.565;2723.164;2939.48;3134.922;3425.669;3773.263;3859.844;3982.294;4120.31;4227.177;4433.903;4588.184;4705.739;4836.48;5003.801;5157.398;5277.137;5544.457;5813.591;6131.107;6641.9;7189.203;7642.602;7797.999;7922.67;8259.284;8559.796;9129.192;9580.276;9777.915;10038.067;10199.895;10529.887;10931.801;11160.81;11319.173;11503.448;11672.979;11848.421;12014.768
Ethiopia;313.395;334.967;349.118;379.264;371.673;328.853;356.365;402.7;405.986;406.443;418.451;388.009;349.403;392.053;401.075;421.181;472.658;480.566;452.984;475.437;519.808;553.901;556.231;522.615;584.285;661.206;740.308;828.362;924.266;1008.311;1110.42;1242.961;1355.328;1491.77;1649.483;1811.012;1945.025;2148.378;2332.96;2511.048;2701.98;2907.755;3124.371;3344.002;3576.308
Fiji;2456.774;2782.763;2847.878;2764.512;3087.392;3017.405;3251.12;3079.595;3294.772;3823.177;4162.508;4153.557;4471.538;4659.464;4962.533;5157.966;5462.129;5383.694;5475.417;5994.619;5981.73;6185.224;6438.821;6564.974;7056.788;7132.827;7437.408;7517.367;7702.964;7616.377;7898.454;8241.879;8478.298;8993.008;9627.455;10136.318;10406.016;11079.734;11685.046;12147.087;12689.451;13292.085;13915.311;14567.202;15251.346
Finland;9456.724;10449.236;11379.486;12119.891;12885.82;13696.346;14303.543;15132.837;16439.613;17896.142;18616.274;18020.161;17710.086;17904.03;18920.858;20048.195;21087.356;22723.445;24155.755;25532.589;27512.071;28786.618;29654.508;30740.053;32722.535;34568.164;36924.612;39721.139;40604.467;37348.835;38732.05;40377.73;40370.109;40575.9;40880.489;41357.501;42822.293;44825.902;46595.892;47974.652;49547.875;51221.473;52885.653;54585.422;56361.006
France;10728.194;11803.425;12774.283;13361.832;13990.859;14597.797;15169.883;15865.883;17117.061;18460.714;19604.555;20385.05;21082.997;21350.144;22244.347;23113.913;23794.158;24693.212;25786.117;26962.028;28470.277;29467.38;30060.799;30657.417;32157.706;33457.66;35063.47;36642.442;37245.646;36258.206;37217.313;38640.044;39314.009;40030.973;40949.486;41658.753;42440.34;44114.517;45893.046;47222.641;48640.048;50171.105;51745.818;53365.491;55064.796
Gabon;9083.42;9339.626;10101.087;10476.208;11140.994;11898.219;11627.063;9862.803;10340.499;12137.069;12954.601;13768.702;13234.235;13749.149;14208.878;14856.931;15295.033;16050.344;16385.848;14766.711;14451.212;14717.671;14613.105;14768.427;14961.796;14933.154;14723.441;15608.189;15594.828;14793.435;15321.997;16138.115;16677.593;17232.61;17687.928;17970.428;18071.789;18089.751;18433.607;19057.277;19839.423;20737.795;21828.979;22996.317;24239.319
Gambia, The;1230.506;1147.793;1419.199;1609.766;1480.225;1520.576;1525.463;1543.823;1561.607;1626.599;1713.509;1738.671;1738.548;1745.747;1664.756;1703.001;1732.599;1709.923;1785.648;1868.474;1953.716;2045.649;1947.277;2053.025;2186.559;2134.304;2121.134;2178.155;2290.384;2389.548;2484.668;2261.049;2352.814;2389.248;2327.705;2374.85;2374.049;2461.246;2608.274;2745.378;2892.264;3026.395;3158.801;3288.299;3412.945
Georgia;NA;NA;NA;NA;NA;NA;NA;NA;NA;NA;NA;3745.118;2105.147;1558.259;1546.315;1683.862;1964.798;2290.562;2455.41;2618.494;2779.746;3035.694;3290.168;3745.784;4098.559;4655.968;5287.881;6137.118;6449.6;6291.95;6815.035;7511.627;8216.591;8692.489;9266.447;9619.681;9977.999;10663.488;11428.771;12227.456;13199.649;14028.954;14931.136;15891.791;16915.159
Germany;11287.48;12345.751;13014.53;13782.554;14742.989;15581.166;16267.878;16912.131;18052.646;19301.684;20771.834;22261.586;23055.329;23242.341;24246.912;25087.211;25704.519;26601.582;27465.64;28395.844;29861.13;31008.396;31412.122;31780.513;33060.641;34389.168;36855.463;39058.689;40316.43;38444.124;40619.674;43095.965;44027.556;44870.277;46520.051;47411.034;48576.506;50522.374;52385.74;53566.926;55306.205;57295.437;59268.989;61255.128;63281.348
Ghana;1155.563;1190.407;1134.239;1082.929;1147.215;1233.257;1307.746;1396.958;1500.562;1589.173;1666.403;1761.973;1832.12;1914.987;1975.001;2049.656;2133.856;2241.387;2320.548;2402.327;2364.104;2451.265;2541.701;2656.183;2809.469;3003.767;3202.813;3342.475;3639.399;3783.526;3923.469;4590.61;4979.274;5342.281;5472.104;5524.059;5648.07;6090.576;6491.815;6955.788;7343.035;7685.239;7996.785;8347.96;8727.724
Greece;9110.646;9699.38;10122.743;10338.72;10870.348;11441.064;11696.566;11672.865;12564.264;13495.987;13914.265;14611.883;14911.952;14929.275;15465.643;16050.939;16729.72;17712.798;18498.496;19243.962;20392.413;21579.814;22671.72;24369.332;26232.755;27138.52;29446.822;31139.232;31567.154;30347.143;28954.806;26850.252;25452.118;25247.678;26087.355;26409.835;26815.848;27772.074;29071.971;30251.883;31616.272;32902.082;34098.568;35198.515;36350.651
Grenada;2146.265;2340.419;2517.085;2620.396;2752.169;2965.037;3239.606;3648.74;3939.832;4300.507;4678.959;4897.345;4930.223;4892.591;5032.581;5206.415;5504.576;5855.814;6608.756;7162.812;7680.271;7672.467;8041.959;8942.406;9098.741;10597.202;10450.497;11352.427;11644.217;10918.624;10949.377;11220.928;11260.578;11680.135;12715.597;13616.783;14206.572;15045.358;15996.111;16717.264;17433.77;18181.054;19043.501;19947.546;20853.393
Guatemala;2701.878;2902.736;2899.206;2863.465;2907.433;2906.799;2894.099;2995.368;3142.164;3311.39;3457.02;3595.972;3757.844;3885.562;4013.1;4180.459;4278.3;4430.243;4582.707;4713.481;4827.586;4935.706;5086.561;5188.204;5368.504;5585.633;5928.026;6327.78;6516.913;6458.275;6576.665;6844.487;7031.421;7264.654;7549.5;7783.158;7945.585;8153.11;8442.964;8704.884;9009.034;9347.264;9680.954;10018.247;10363.779
Guinea;NA;NA;NA;NA;NA;NA;NA;NA;NA;NA;919.519;923.476;920.031;933.661;941.864;965.115;993.967;1037.64;1066.888;1104.78;1138.524;1185.826;1245.737;1262.544;1302.112;1354.506;1397.843;1491.123;1541.999;1489.635;1529.731;1607.17;1690.993;1743.592;1796.022;1837.96;2007.876;2196.335;2321.575;2441.15;2573.717;2716.273;2845.916;2973.409;3105.893
Guinea-Bissau;594.074;633.736;686.733;675.185;722.845;761.775;753.516;799.798;827.699;867.796;922.82;1000.994;1032.073;1056.661;1086.759;1128.921;1166.845;1231.068;1012.336;1138.148;1136.906;1160.4;1139.324;1140.747;1178.496;1240.225;1279.436;1327.595;1366.402;1391.529;1461.572;1578.024;1546.716;1590.116;1599.966;1678.852;1763.672;1862.417;1937.66;2018.514;2112.964;2215.66;2323.691;2441.475;2567.932
Guyana;1676.181;1841.356;1782.55;1644.237;1748.291;1821.421;1868.229;1929.489;1895.016;1895.15;1922.789;2113.475;2328.692;2572.928;2838.923;3028.214;3315.304;3561.533;3525.731;3668.491;3690.062;3850.196;3956.365;4006.631;4181.052;4225.651;4567.48;5005.992;5190.315;5381.862;5667.456;6076.222;6487.644;6905.377;7278.654;7549.457;7819.36;8088.979;8580.792;9093.775;17163.267;18297.685;22447.835;28807.403;30247.866
Haiti;1080.292;1173.768;1190.082;1196.63;1220.321;1245.972;1251.924;1254.677;1290.855;1299.819;1315.484;1352.069;1325.803;1264.364;1117.347;1230.069;1280.577;1313.813;1333.587;1365.37;1384.153;1376.551;1372.395;1380.773;1346.69;1391.724;1443.343;1507.95;1526.611;1561.86;1471.242;1562.287;1615.264;1689.984;1745.913;1762.286;1783.587;1815.899;1864.99;1878.003;1916.101;1962.638;2009.749;2058.324;2109.292
Honduras;1413.596;1537.327;1561.207;1559.014;1634.777;1704.269;1700.139;1793.452;1885.705;1986.794;2004.986;2079.515;2183.224;2307.798;2261.912;2337.701;2398.964;2493.758;2526.629;2478.144;2648.659;2710.349;2785.792;2894.573;3083.091;3294.084;3536.089;3772.461;3924.734;3780.511;3889.929;4046.076;4216.173;4332.409;4469.361;4609.962;4750.701;4992.872;5216.305;5394.833;5599.646;5822.694;6057.502;6308.358;6575.709
Hong Kong SAR;6791.461;7929.336;8530.553;9239.729;10373.798;10642.21;11920.424;13773.356;15270.039;16074.494;17238.122;18632.247;19996.457;21339.455;22652.566;23107.473;23954.609;25413.467;23942.625;24693.864;26881.289;27547.718;28466.17;29711.324;33002.268;36330.108;39675.999;43162.552;44773.807;43801.332;46936.887;49818.956;51194.993;53411.682;55579.217;57051.977;58359.17;61447.201;64199.384;64927.589;66527.917;69171.215;72014.48;75038.598;78279.853
Hungary;6375.976;7181.948;7850.237;8234.57;8784.238;9074.645;9434.09;10107.549;10502.228;11039.404;11101.497;10113.748;10026.803;10213.711;10754.831;11273.866;11499.725;12112.233;12793.48;13427.082;14348.404;15259.065;16242.181;17236.404;18632.253;20093.417;21543.577;22240.058;22913.432;21594.176;22026.285;22923.247;23106.748;24060.114;25623.42;26862.886;27833.504;29627.302;31913.656;34046.236;35941.192;37824.047;39666.607;41516.249;43372.145
Iceland;11064.273;12496.607;13387.938;13419.08;14302.581;15102.081;16264.19;17945.999;18306.957;18743.948;19528.184;19979.64;19452.011;19969.982;20918.936;21229.193;22569.495;23922.888;25670.234;26766.439;28360.079;29653.77;29987.983;31032.333;34181.906;37093.844;39375.516;43101.683;43709.047;40554.893;39834.59;41324.957;42513.694;44728.487;45960.422;48137.417;51324.271;53654.558;55941.381;56066.326;56973.677;58297.568;59674.04;61108.159;62516.275
India;558.9;635.088;682.651;744.954;784.162;833.614;872.155;909.334;1010.471;1089.769;1169.183;1198.172;1266.285;1329.231;1419.654;1529.257;1643.26;1706.238;1797.983;1943.047;2026.321;2136.551;2218.174;2399.82;2616.239;2902.936;3218.638;3575.458;3732.007;4021.501;4423.513;4750.287;5037.732;5382.659;5812.062;6259.804;6752.484;7277.04;7858.692;8378.377;9026.867;9770.269;10568.274;11431.347;12353.807
Indonesia;1254.18;1448.599;1542.173;1637.4;1789.606;1881.13;2017.078;2160.112;2345.988;2607.9;2891.889;3203.499;3433.288;3732.352;4032.597;4382.901;4757.141;5008.759;4350.008;4396.949;4665.154;4871.694;5098.725;5365.158;5705.412;6130.591;6569.881;7073.561;7638.836;7945.661;8430.667;8973.563;9561.472;10129.858;10690.103;11176.391;11727.007;12415.981;13234.099;13998.181;14840.757;15769.278;16759.207;17808.474;18921.812
Iran;6412.687;6177.34;7138.747;8122.985;7299.295;7097.462;6338.576;6527.622;5969.384;6369.478;7615.144;8511.456;8760.406;8949.233;8874.053;9020.414;9615.488;9565.845;9694.314;9700.788;10422.559;10559.091;11647.739;12763.184;13424.126;14335.135;15310.48;16575.234;16674.595;16589.111;17513.525;18183.549;16902.952;16942.163;17463.596;17145.665;19253.445;20107.604;19376.518;17661.505;17831.97;18196.823;18565.111;18933.011;19331.592
Iraq;NA;NA;NA;NA;NA;NA;NA;NA;NA;NA;NA;NA;NA;NA;NA;NA;NA;NA;NA;NA;NA;NA;NA;6345.515;9727.579;9936.524;10549.696;10777.877;11613.082;11802.933;12377.03;13247.836;14997.279;16012.006;15685.955;16153.171;18303.788;17708.182;17571.672;18025.091;18754.874;19352.182;19686.985;19976.441;20275.339
Ireland;7426.488;8230.716;8776.594;8991.778;9546.665;10009.212;10252.258;10870.216;11642.809;12855.771;14380.407;15025.521;15789.084;16446.506;17729.171;19752.525;21792.877;24295.257;26419.382;29281.533;32300.058;34223.299;36201.556;37383.251;40209.653;42797.736;45033.024;47330.351;45332.747;43049.127;44114.846;45022.73;45788.138;46959.046;51499.571;64464.972;66705.299;72664.146;79617.062;83399.259;86988.204;90718.349;94312.146;97889.236;101575.054
Israel;7140.398;8126.892;8597.62;8974.744;9383.011;9934.104;10333.291;11199.38;11810.729;12237.236;13124.782;13366.58;14142.841;14636.98;15595.426;16996.124;17733.545;18316.33;18832.368;19294.523;20899.794;20889.199;20765.459;20999.782;22242.16;23468.517;25122.108;26875.512;27764.113;27682.633;29018.736;30579.758;31333.898;32630.677;33834.907;34290.103;35321.858;36561.748;37994.181;39121.018;40336.84;41659.264;42972.421;44306.933;45661.7
Italy;10743.692;11806.614;12545.68;13148.552;14032.913;14850.104;15556.968;16431.64;17691.837;18970.124;20054.237;21012.39;21635.641;21944.63;22869.594;23974.688;24727.817;25601.411;26295.03;27088.557;28714.275;29844.564;30371.726;30873.515;31968.808;33025.561;34557.939;35871.713;35882.311;33935.377;34758.947;35544.006;35078.132;34878.351;35404.829;36096.273;36957.188;38335.421;39675.525;40470.301;41582.185;42858.123;44110.207;45382.268;46700.653
Jamaica;2897.336;3253.34;3501.188;3715.05;3876.925;3904.333;4223.767;4627.844;4572.793;4965.727;5309.294;5498.39;5736.885;5953.292;6140.34;6369.171;6440.45;6381.834;6313.473;6405.649;6539.256;6709.204;6804.476;7129.587;7366.796;7617.07;8032.94;8331.013;8390.392;8134.553;8076.181;8321.974;8395.498;8514.588;8674.996;8792.375;8968.653;9148.306;9473.394;9691.877;9931.557;10253.52;10608.426;10985.959;11389.353
Japan;8948.255;10133.068;11037.842;11792.616;12685.329;13685.879;14349.193;15325.863;16871.331;18312.825;19861.486;21150.985;21739.558;22067.902;22699.88;23750.628;24880.751;25521.289;25449.119;25703.065;26955.999;27593.641;28004.232;28907.063;30316.005;31775.624;33203.64;34656.625;34962.136;33357.589;35148.788;35775.296;37087.615;38559.409;39486.291;40430.458;41103.549;42760.538;44246.37;45546.185;46827.354;48192.158;49618.407;51094.83;52636.504
Jordan;3544.533;4288.675;4615.007;4570.61;4802.076;4715.255;4890.003;4962.677;5051.348;4506.145;4509.218;4528.621;4964.822;4943.99;5044.666;5280.274;5279.232;5453.794;5563.73;5685.333;5957.696;6264.364;6643.05;6893.843;7453.157;8008.155;8449.759;8993.678;9382.331;9487.301;9325.746;9260.741;9182.257;9127.011;9153.239;9104.401;9092.325;9219.156;9431.176;9648.761;9939.372;10295.638;10707.931;11176.255;11670.826
Kazakhstan;NA;NA;NA;NA;NA;NA;NA;NA;NA;NA;NA;NA;7235.588;6784.608;6479.508;6121.025;6343.261;6688.677;6738.784;7045.964;7928.556;9205.251;10256.431;11353.993;12674.21;14200.543;16008.937;17701.35;18161.881;18267.469;19543.3;21128.019;22251.529;23649.812;24731.97;24925.514;25107.815;26278.802;27659.726;28849.232;30178.19;31529.325;32798.849;34771.788;36251.442
Kenya;1021.668;1122.299;1207.961;1233.187;1255.296;1303.271;1375.402;1442.109;1531.635;1609.263;1688.216;1717.531;1687.438;1675.865;1704.213;1762.052;1814.693;1799.96;1820.293;1832.603;1829.479;1891.684;1878.908;1917.222;2004.66;2125.423;2255.57;2408.247;2394.574;2425.551;2604.719;2750.211;2844.458;2983.864;3112.54;3234.522;3364.887;3496.672;3704.835;3874.56;4078.177;4287.328;4506.566;4737.507;4982.576
Kiribati;916.857;986.431;1010.521;1045.987;1088.03;1040.551;1045.548;1049.564;1156.887;1136.368;1134.645;1158.017;1182.972;1206.422;1236.106;1243.179;1258.974;1284.004;1364.188;1336.633;1423.663;1408.424;1460.6;1490.24;1478.3;1571.008;1583.272;1623.532;1585.949;1576.537;1546.488;1582.807;1666.903;1744.314;1740.906;1916.443;2008.749;2026.214;2087.839;2137.557;2193.472;2246.055;2296.185;2347.712;2398.261
Korea, Republic of;2240.381;2587.743;2929.105;3396.443;3838.82;4225.336;4746.75;5416.949;6214.443;6844.053;7720.377;8721.141;9372.842;10148.241;11205.823;12410.234;13468.294;14376.472;13644.027;15297.151;16805.709;17870.016;19442.368;20321.076;21865.914;23468.609;25318.397;27367.744;28523.247;28819.824;30984.878;32546.754;33789.874;35309.7;36882.487;38111.833;39484.208;41330.723;43289.874;44740.435;46451.608;48515.807;50714.437;53000.24;55418.253
Kosovo;NA;NA;NA;NA;NA;NA;NA;NA;NA;NA;NA;NA;NA;NA;NA;NA;NA;NA;NA;NA;4864.564;5521.2;5456.257;5775.449;5749.134;6080.022;6386.747;7001.273;7366.66;7567.449;7785.873;8272.936;8498.686;8920.715;9276.815;9941.643;10382.835;10933.62;11664.258;12321.529;13016.669;13761.705;14540.996;15363.83;16235.049
Kuwait;33576.222;28508.531;26203.811;27397.745;29238.917;27180.628;28430.4;29847.541;26405.039;32901.197;24825.287;23712.38;42463.015;56359.117;50564.114;49004.921;47078.012;46443.827;47353.621;47508.757;51716.027;50852.947;50778.124;57666.092;60662.093;63386.189;65985.374;67241.273;69387.658;64165.781;61655.757;66853.458;70561.932;71036.058;70058.894;68762.066;69095.272;66102.765;66652.391;66386.725;67890.978;69185.34;70209.462;71518.088;73018.029
Kyrgyz Republic;NA;NA;NA;NA;NA;NA;NA;NA;NA;NA;NA;NA;1837.897;1609.489;1312.479;1261.761;1354.659;1493.516;1519.256;1572.851;1671.695;1781.969;1793.057;1937.139;2103.879;2139.133;2249.011;2478.832;2696.847;2764.971;2748.009;2940.321;2954.025;3268.463;3394.909;3491.583;3604.618;3770.951;3922.016;4056.385;4192.976;4349.444;4543.961;4696.161;4849.003
Lao P.D.R.;584.765;724.357;787.244;821.451;881.95;966.216;1004.945;991.682;977.035;1084.688;1156.819;1208.069;1284.495;1353.543;1455.827;1551.765;1650.097;1755.713;1817.521;1884.787;2016.758;2125.06;2270.539;2418.887;2622.291;2846.638;3143.781;3423.794;3700.133;3936.822;4232.823;4594.02;4971.641;5384.055;5813.617;6206.38;6608.418;7081.985;7593.695;8109.594;8683.689;9325.675;10012.585;10748.354;11541.008
Latvia;NA;NA;NA;NA;NA;NA;NA;NA;NA;NA;NA;NA;6008.344;5465.917;5794.944;6086.881;6424.324;7193.287;7825.88;8219.943;8923.268;9825.043;10838.75;12083.048;13577.69;15682.84;18255.793;20794.628;20605.871;18010.859;17852.106;19816.914;21318.03;22449.545;23550.07;24692.018;25684.357;27645.883;29911.581;31402.324;32986.51;34711.45;36551.019;38485.869;40521.442
Lebanon;5947.072;6594.904;4443.056;5665.588;8480.974;10753.069;10075.606;11920.093;8763.402;5207.865;4627.528;6492.749;6768.566;7212.047;7760.135;8273.827;8658.302;9636.892;10056.188;9982.923;10067.473;10293.433;10311.609;10166.165;10752.802;11039.309;11365.933;12670.555;14027.284;15287.209;16115.122;15693.687;15333.549;14919.656;14578.106;14163.627;14164.387;14330.224;14689.13;15048.996;15598.812;16463.656;17466.106;18665.972;19882.362
Lesotho;508.398;558.859;610.635;637.02;701.455;730.385;756.493;756.349;821.346;875.409;929.257;992.652;1037.467;1076.812;1125.429;1123.945;1210.548;1273.327;1304.738;1343.593;1439.881;1518.498;1565.632;1658.351;1742.488;1851.254;1990.002;2131.107;2277.463;2351.233;2511.267;2716.242;2884.889;2979.013;3096.508;3174.018;3271.032;3327.352;3479.2;3614.564;3655.41;3821.846;4023.352;4111.281;4199.743
Liberia;NA;NA;NA;NA;NA;NA;NA;NA;NA;NA;NA;NA;NA;NA;NA;NA;NA;NA;NA;NA;1057.41;1070.831;1109.367;788.82;826.268;878.443;948.444;1058.548;1098.111;1118.571;1161.84;1239.141;1332.767;1439.911;1441.619;1421.48;1377.819;1402.525;1418.1;1413.555;1427.826;1439.394;1414.345;1400.695;1446.731
Libya;35080.72;29352.485;30213.938;28711.513;26146.476;27287.999;23753.373;19910.479;19654.991;20944.144;23920.016;27944.413;27182.628;26192.219;26741.285;23413.871;24015.288;23886.291;23631.721;23705.299;24690.802;24410.238;24190.712;27436.102;28950.962;32918.371;35484.416;38149.391;31302.23;30187.661;31086.525;10792.046;23299.322;15018.325;7194.639;6260.312;5799.861;9595.87;11472.534;9358.427;9446.357;9545.97;9641.071;9736.747;9834.478
Lithuania;NA;NA;NA;NA;NA;NA;NA;NA;NA;NA;NA;NA;NA;NA;NA;6817.349;7361.678;8169.511;8943.116;9033.246;9656.717;10599.222;11587.465;13152.869;14554.2;16432.869;18476.46;21328.261;22545.232;19567.828;20546.762;22751.706;24400.638;25958.746;27610.822;28731.115;30091.599;32377.087;34596.602;36700.743;38751.021;40845.568;42997.164;45220.546;47558.62
Luxembourg;15658.547;17224.749;18463.962;19549.051;21195.025;23044.883;25736.389;27237.45;30322.771;34260.14;37011.663;41012.756;42133.81;44311.613;46312.227;47735.913;48639.227;51749.218;55042.713;59788.598;65337.193;67618.905;70501.108;72288.439;75789.728;79533.631;84740.846;92880.996;92005.235;86922.909;90640.621;93071.819;92179.16;95017.646;98613.895;101099.918;102197.115;103150.382;106371.806;108950.709;112044.589;115187.846;118320.072;121495.235;124742.193
Macao SAR;NA;NA;NA;NA;NA;NA;NA;NA;NA;NA;NA;NA;NA;NA;NA;NA;NA;NA;NA;NA;NA;34655.977;37986.824;42604.79;53544.918;56997.159;62762.573;70377.908;72681.807;75175.594;93505.923;115105.362;122711.099;133020.973;127816.841;99599.652;100061.289;110434.423;115913.092;114362.973;113352.032;113573.225;114295.685;114917.524;115447.402
Madagascar;897.571;862.828;875.614;894.649;918.779;933.172;943.834;950.832;988.492;1037.834;1077.643;1012.908;1016.975;1030.989;1020.604;1026.986;1035.22;1057.934;1077.096;1108.574;1147.625;1205.345;1040.431;1129.091;1184.847;1242.977;1311.318;1383.401;1468.752;1380.986;1362.083;1371.646;1400.681;1417.096;1450.439;1469.557;1504.766;1555.296;1630.605;1699.292;1776.178;1855.405;1932.18;2012.259;2095.748
Malawi;369.011;372.251;394.969;414.038;436.624;450.659;434.33;425.422;427.81;428.091;452.023;496.405;464.854;518.921;472.131;541.846;595.062;629.503;625.909;639.796;642.979;616.359;613.771;646.45;684.869;714.879;749.822;820.682;875.891;929.306;976.634;1016.166;1025.649;1067.178;1116.722;1129.116;1134.043;1167.979;1199.808;1240.425;1292.343;1352.608;1421.573;1501.045;1585.137
Malaysia;3357.208;3835.173;4206.657;4531.804;4936.534;4890.32;4911.573;5169.494;5741.242;6353.107;6885.927;7680.845;8320.561;9105.578;9884.252;10794.03;11782.963;12541.354;11452.418;12020.071;13021.533;13027.502;13606.541;14318.163;15346.309;16252.957;17446.279;18854.761;19785.247;19297.293;20619.799;21803.797;23082.546;24017.225;25513.23;26655.095;27731.632;29513.182;31311.334;32880.834;34567.067;36542.478;38590.608;40759.829;43094.652
Maldives;1474.369;1675.427;1853.471;1940.106;2279.011;2573.221;2745.64;2985.388;3275.084;3625.497;3473.381;3665.582;3882.143;4077.633;4360.891;4691.744;5100.601;5609.242;6100.697;6503.635;6862.778;7100.943;7528.373;9463.066;10138.367;8922.385;11360.985;12370.537;13601.395;12585.426;13410.093;14599.384;14983.218;16086.188;17294.521;17681.878;18850.805;20194.334;21873.652;23311.791;24795.558;26261.143;27786.052;29418.335;31126.088
Mali;557.369;582.388;536.006;563.045;585.112;611.047;649.724;671.725;686.078;778.31;868.933;949.526;935.298;967.432;998.935;1022.608;1087.947;1130.097;1146.33;1203.762;1197.294;1372.564;1396.147;1505.666;1522.421;1620.225;1691.546;1739.463;1796.998;1835.632;1892.99;1932.642;1894.677;1914.951;2029.17;2114.506;2194.214;2287.66;2380.013;2470.793;2568.951;2670.283;2773.878;2878.687;2987.996
Malta;6122.869;6823.245;7208.83;7409.786;7801.349;8171.542;8426.668;9062.767;9953.631;10971.706;11796.692;12577.901;13756.658;14491.789;15328.895;16579.781;17467.038;18482.707;19187.031;20082.92;20204.824;20635.623;21398.832;22194.843;22752.217;24187.952;25235.833;26898.705;28179.045;27491.182;28581.242;29491.139;30708.883;32302.017;35188.294;38480.967;40107.888;42674.729;45163.517;47405.016;49589.463;51782.873;54128.809;56631.881;59314.898
Marshall Islands;NA;NA;NA;NA;NA;NA;NA;NA;NA;NA;NA;NA;NA;NA;NA;NA;NA;2018.629;1953.102;1902.489;2046.553;2233.139;2369.287;2404.744;2440.063;2569.585;2676.379;2840.52;2791.052;2773.036;2966.85;3048.062;3192.68;3326.956;3352.568;3353.775;3436.043;3646.46;3770.381;3868.208;3972.224;4070.369;4162.105;4247.341;4317.752
Mauritania;NA;NA;NA;NA;NA;NA;NA;NA;NA;NA;1887.954;1899.541;1923.652;2027.784;1952.28;2128.206;2229.447;2115.423;2137.034;2269.234;2244.415;2272.951;2257.889;2368.249;2500.187;2733.034;3453.781;3546.629;3557.285;3455.24;3570.292;3720.489;3913.912;4124.995;4332.842;4296.732;4319.103;4432.902;4598.19;4881.38;5157.924;5450.665;5937.788;6309.39;6662.063
Mauritius;1987.017;2269.072;2510.83;2595.2;2787.928;3048.857;3387.241;3795.285;4167.181;4489.417;4956.716;5294.189;5692.111;6050.94;6346.286;6699.313;7129.89;7569.963;8035.06;8258.249;9045.173;9465.58;9704.164;10400.316;11069.866;11512.098;12338.166;13334.348;14274.295;14820.513;15612.299;16561.771;17421.19;18282.174;19278.697;20145.103;21124.196;22323.445;23709.143;24996.036;26460.581;28073.295;29790.394;31611.784;33544.95
Mexico;5835.997;6773.459;6995.827;6865.616;7202.22;7437.48;7207.021;7366.071;7574.944;8037.096;8430.302;8922.27;9291.341;9615.244;10144.695;9558.396;10242.416;10980.331;11525.459;11866.747;12581.494;12651.64;12685.733;12945.226;13654.325;14243.302;15156.072;15719.957;15988.823;15049.087;15807.14;16522.058;17247.905;17586.633;18211.672;18803.276;19348.234;19927.093;20616.31;20867.645;21362.854;22020.57;22736.808;23518.201;24365.191
Micronesia, Fed. States of;NA;NA;NA;NA;NA;NA;NA;NA;NA;NA;NA;NA;NA;NA;NA;2052.74;2021.047;1926.759;1997.226;2052.149;2194.774;2295.999;2353.031;2441.875;2435.621;2570.213;2658.622;2691.011;2697.159;2764.615;2869.165;3037.749;3041.732;2977.308;2964.333;3138.277;3194.764;3333.744;3453.796;3562.395;3657.317;3756.32;3850.38;3946.645;4045.772
Moldova;NA;NA;NA;NA;NA;NA;NA;NA;NA;NA;NA;NA;3205.99;3250.991;2291.81;2309.004;2219.614;2301.644;2179.65;2139.38;2238.636;2432.168;2670.351;2908.197;3213.725;3572.779;3867.096;4099.738;4512.03;4278.222;4639.618;5013.369;5079.461;5638.966;6034.672;6080.471;6418.185;6853.952;7307.155;7703.248;8160.539;8651.694;9167.127;9712.9;10292.324
Mongolia;NA;NA;NA;NA;NA;NA;NA;NA;NA;NA;3582.876;3282.945;2991.256;2937.767;3035.862;3248.317;3332.671;3474.21;3580.003;3690.593;3769.305;3982.11;4200.724;4539.344;5047.01;5479.095;6029.661;6638.259;7171.95;6945.97;7418.723;8723.071;9790.402;10885.29;11698.776;11857.179;11878.471;12515.549;13451.175;14308.994;15089.473;15890.9;16795.688;17826.431;18738.465
Montenegro;NA;NA;NA;NA;NA;NA;NA;NA;NA;NA;NA;NA;NA;NA;NA;NA;NA;NA;NA;NA;8063.962;8300.365;8591.887;8970.222;9617.028;10333.066;11561.323;12656.886;13807.548;13077.788;13562.517;14273.414;14139.557;14883.848;15414.818;16093.008;16736.511;17853.07;19171.814;20083.963;20976.741;22019.536;23159.611;24364.468;25565.736
Morocco;1491.642;1547.287;1755.082;1771.616;1870.799;2004.382;2163.333;2110.403;2358.468;2451.94;2636.208;2866.639;2817.735;2812.256;3121.806;2970.64;3351.43;3309.149;3539.204;3579.573;3679.086;3981.078;4115.028;4382.916;4655.459;4894.639;5355.439;5621.541;5994.335;6218.116;6450.244;6845.963;7100.331;7462.07;7712.482;8062.553;8145.956;8557.447;8930.691;9235.147;9666.646;10171.509;10716.167;11305.497;11943.704
Mozambique;172.595;193.64;187.048;160.536;153.064;157.834;156.697;184.401;206.954;228.267;236.123;254.006;238.366;255.734;267.229;269.719;338.193;371.152;409.289;436.428;441.818;495.125;532.059;561.092;604.022;658.73;720.572;772.772;818.715;853.129;895.285;951.825;1010.976;1071.6;1140.404;1194.822;1218.925;1253.984;1291.519;1303.078;1372.419;1418.856;1466.198;1591.627;1763.437
Myanmar;NA;NA;NA;NA;NA;NA;NA;NA;NA;NA;NA;NA;NA;NA;NA;NA;NA;NA;874.23;949.504;1079.398;1229.404;1384.612;1583.322;1837.579;2138.767;2480.937;2847.502;3101.242;3238.733;3422.431;3655.556;3933.756;4281.495;4677.91;5038.053;5310.596;5710.543;6226.78;6707.167;7219.605;7761.674;8351.336;9006.481;9728.084
Namibia;NA;NA;NA;NA;NA;NA;NA;NA;NA;NA;4141.457;4325.732;4659.936;4541.943;4637.776;4791.125;4884.525;5016.741;5078.073;5162.712;5394.051;5638.42;6011.294;6232.062;6710.944;7117.042;7487.928;7962.651;8209.476;8173.94;8638.998;9131.519;9599.183;10125.083;10762.593;11319.908;11348.281;11247.014;11298.29;11265.844;11450.626;11748.604;12137.922;12623.858;13014.284
Nauru;NA;NA;NA;NA;NA;NA;NA;NA;NA;NA;NA;NA;NA;NA;NA;NA;NA;NA;NA;NA;NA;NA;NA;NA;3503.274;3645.35;4433.41;3483.481;4203.134;4543.136;4892.27;5473.584;5983.632;7646.289;9045.652;8980.953;8936.743;8349.188;8699.606;8998.537;9073.075;9204.147;9365.93;9551.077;9752.886
Nepal;402.016;465.913;501.617;494.114;548.701;587.305;612.624;624.536;680.981;721.325;763.934;818.406;848.157;877.377;944.373;972.871;1019.27;1067.501;1088.481;1131.513;1205.452;1279.53;1281.413;1337.484;1418.661;1494.623;1571.992;1649.308;1765.028;1844.102;1946.058;2052.547;2196.125;2333.141;2519.665;2619.969;2638.644;2870.869;3085.148;3318.196;3549.85;3782.354;4010.068;4238.25;4479.867
Netherlands;11783.876;12726.304;13267.165;13976.553;14875.339;15688.941;16419.182;17036.112;18320.483;19770.425;21241.851;22321.962;23011.591;23682.291;24749.392;25827.272;27096.62;28621.492;30126.358;31883.335;33742.796;35013.808;35383.167;35902.402;37448.731;39290.702;41807.577;44485.289;46201.647;44627.872;45507.134;46948.833;47144.873;47770.544;49201.741;50473.287;51873.003;54062.331;56488.609;58340.705;60299.138;62302.915;64312.787;66372.223;68541.915
New Zealand;8843.526;9914.635;10746.348;11047.73;12109.507;12522.503;12888.594;13409.734;13831.98;14440.509;14961.965;14742.793;15054.983;15958.008;17145.685;17977.948;18711.151;19399.637;19630.764;20684.797;21894.061;22613.994;23695.114;24797.984;26247.805;27445.223;28720.967;30397.09;30612.268;30574.933;31251.843;32311.258;33568.495;34517.038;35630.371;36696.029;37814.074;38742.794;40095.721;40942.565;42044.567;43241.165;44501.566;45806.672;47116.024
Nicaragua;NA;NA;NA;NA;NA;NA;NA;NA;NA;NA;NA;NA;NA;NA;2142.5;2249.857;2371.006;2442.823;2511.444;2673.53;2788.919;2875.488;2883.923;2951.244;3128.089;3297.016;3501.038;3728.353;3880.595;3733.074;3893.482;4098.272;4393.684;4642.699;4903.839;5138.828;5373.002;5671.076;5529.992;5289.881;5296.559;5344.814;5419.832;5524.789;5659.288
Niger;535.849;566.206;593.664;573.148;477.64;513.734;539.834;536.509;575.367;585.172;580.707;595.7;550.828;552.869;567.458;522.847;540.368;533.33;586.708;579.966;557.138;593.159;611.867;643.038;631.053;679.656;713.672;728.17;783.782;754.824;796.253;799.256;876.275;902.657;950.771;964.168;983.445;1011.425;1061.906;1105.948;1151.862;1195.752;1314.884;1371.856;1440.153
Nigeria;NA;NA;NA;NA;NA;NA;NA;NA;NA;NA;1937.298;1941.679;1978.958;2006.758;2004.262;2033.349;2101.51;2145.377;2168.955;2157.232;2269.612;2412.658;2738.819;2978.228;3292.423;3540.165;3792.313;4070.595;4332.177;4605.567;5047.171;5261.624;5444.09;5684.216;5992.859;6053.495;5861.225;5864.785;5966.821;6054.802;6171.676;6296.812;6435.71;6570.892;6712.984
North Macedonia ;NA;NA;NA;NA;NA;NA;NA;NA;NA;NA;NA;NA;6189.289;5832.4;5819.955;5841.913;5978.758;6144.579;6392.927;6737.395;7172.899;7082.119;7281.422;7563.804;8106.032;8734.848;9437.923;10302.518;11059.002;11081.162;11561.148;12064.072;12224.547;12781.354;13468.152;14118.719;14654.061;14954.447;15714.897;16486.318;17377.641;18303.884;19287.053;20347.83;21492.194
Norway;14998.165;16619.732;17621.864;18984.962;20802.717;22579.783;23880.404;24756.059;25428.01;26620.962;28040.209;29713.579;31292.578;32750.544;34950.201;36982.574;39348.381;41945.555;43263.67;44443.847;46607.32;48417.636;49588.868;50683.817;53805.121;56536.892;59134.183;61882.027;62520.132;61197.334;61513.322;62587.258;64665.403;65721.584;67460.035;68849.185;69681.951;72120.168;74357.052;76684.49;79638.065;82071.128;84574.751;87175.614;89891.981
Oman;8661.571;10247.964;12132.579;13574.169;14951.477;17664.517;17256.172;15978.382;17409.502;17596.752;21848.123;23111.104;24753.673;25998.671;26726.186;27820.205;28446.387;30070.467;30632.63;30619.435;32775.563;34406.42;33999.229;33151.063;33889.776;35160.509;37424.499;39312.704;42444.496;43847.394;45193.724;45614.915;46130.457;45170.609;45122.705;46946.055;46880.939;46395.068;47932.847;47365.936;48593.474;50185.416;50085.088;49199.167;49426.021
Pakistan;896.063;1011.806;1122.369;1210.718;1268.815;1385.007;1463.18;1545.442;1659.478;1762.17;1858.208;1975.8;2085.568;2124.485;2208.07;2310.383;2447.306;2471.93;2526.657;2609.377;2710.487;2749.565;2823.458;2938.324;3180.363;3505.737;3752.119;3994.256;4106.555;4065.872;4132.169;4282.089;4440.48;4591.892;4770.784;4918.84;5097.492;5362.017;5689.552;5871.609;6016.058;6208.032;6497.38;6831.636;7184.031
Palau;NA;NA;NA;NA;NA;NA;NA;NA;NA;NA;NA;NA;NA;NA;NA;NA;NA;NA;NA;NA;8325;8922.979;9302.952;9133.851;9768.164;10397.931;10609.671;11251.218;11035.649;10622.284;10982.301;11981.075;12672.489;12867.004;13710.034;14987.917;15073.703;14803.296;15743.554;16234.614;16854.869;17407.149;17932.001;18471.971;19030.34
Panama;3571.443;4167.732;4553.005;4415.553;4593.155;4862.685;5026.184;4949.548;4345.28;4491.398;4934.67;5464.371;5920.66;6259.21;6440.25;6554.83;7021.427;7451.63;7924.957;8184.455;8425.084;8486.104;8641.158;8996.807;9744.802;10569.751;11603.624;13118.853;14433.619;14470.793;15230.984;17020.215;18722.76;20032.036;21093.918;22183.174;23166.801;24488.48;25628.233;26821.78;28456.005;30037.209;31690.886;33434.321;35277.622
Papua New Guinea;1102.687;1188.753;1244.064;1307.796;1312.763;1369.036;1445.178;1544.534;1597.826;1568.632;1512.123;1661.063;1792.298;2114.313;2229.123;2139.814;2262.818;2101.05;2168.562;2185.59;2126.88;2120.411;2144.898;2226.74;2245.84;2350.756;2420.381;2618.406;2601.108;2736.277;2891.206;2830.28;2863.108;2960.225;3351.445;3630.69;3739.876;3832.286;3803.617;3982.734;4080.738;4182.743;4307.009;4449.712;4604.253
Paraguay;3376.839;3917.954;3982.619;3895.992;4029.591;4192.438;4156.202;4296.137;4564.385;4864.906;5254.909;5279.777;5381.881;5665.729;5972.55;6383.546;6470.682;6724.287;6668.51;6538.941;6399.795;6364.538;6346.454;6624.195;6955.962;7201.565;7647.106;8143.403;8688.481;8594.863;9514.176;9970.647;9954.236;10817.419;11382.747;11682.637;12135.251;12791.833;13399.773;13584.057;14212.923;14910.493;15610.023;16348.372;17096.54
Peru;3154.009;3551.63;3668.637;3375.428;3546.491;3650.545;4081.392;4406.188;4042.239;3560.523;3435.119;3558.249;3549.906;3752.841;4226.178;4552.386;4682.958;4986.281;4939.996;5005.487;5175.38;5244.228;5539.409;5798.304;6168.521;6675.202;7305.449;8046.279;8851.72;8912.248;9668.529;10388.97;11092.414;11812.896;12184.001;12576.125;13079.199;13510.432;14241.53;14719.052;15398.62;16185.181;17004.119;17850.815;18720.792
Philippines;1891.327;2088.407;2241.593;2314.703;2168.847;2023.887;2084.465;2173.774;2349.189;2532.389;2645.327;2657.066;2664.417;2721.307;2835.385;2960.733;3036.299;3176.794;3116.463;3189.901;3403.738;3507.553;3615.209;3789.836;4069.039;4308.581;4579.854;4915.716;5176.831;5184.612;5549.015;5773.739;6126.866;6559.871;6971.865;7348.206;7806.257;8348.499;8942.668;9470.85;10094.385;10788.821;11532.51;12332.737;13187.659
Poland;4758;4645.557;4650.792;5032.049;5149.976;5476.945;5746.898;5993.948;6403.087;6900.899;6582.776;6312.138;6570.082;6993.122;7501.032;8173.613;8835.98;9617.843;10205.172;10818.945;11653.607;12055.674;12426.996;13116.811;14172.054;15130.671;16559.189;18215.328;19363.753;20051.001;21078.774;22575.117;23377.417;24119.458;25410.87;26669.664;27799.165;29716.605;32005.005;33890.555;35651.177;37395.891;39148.18;40974.392;42900.504
Portugal;6024.185;6767.476;7296.322;7620.312;7783.041;8138.304;8569.965;9454.732;10321.566;11456.107;12846.9;13760.645;14526.087;14749.99;15248.193;15872.07;16666.424;17620.986;18581.959;19476.262;20526.631;21234.294;21617.839;21732.617;22662.505;23507.572;24568.128;25809.737;26357.731;25705.148;26444.296;26577.748;26094.3;26451.784;27301.467;28196.627;29155.671;30821.523;32411.846;33665.448;34935.821;36256.048;37614.684;39031.895;40507.055
Puerto Rico;7450.467;8175.119;8343.861;8633.966;9511.834;9919.157;10836.645;11531.255;12580.025;13568.767;14462.188;15196.888;16142.585;17170.173;18135.901;19209.405;19853.261;21004.539;22429.758;23544.166;24672.358;27541.553;28547.695;29739.92;31141.044;31518.347;32150.35;32821.973;33036.491;32816.93;33229.897;34195.614;35286.159;36207.575;37038.553;37678.482;38280.624;39245.661;39424.364;40067.476;41197.657;42359.77;43495.707;44633.816;45738
Qatar;72278.622;70186.865;63519.205;58323.259;65708.733;55814.161;56220.517;55772.933;58098.216;61191.962;46369.108;46303.941;52242.747;52515.866;54056.038;55831.645;58030.112;74280.632;80374.739;81790.644;87054.944;89695.367;94876.809;95604.291;107274.581;104311.646;115071.762;117052.968;104145.443;111399.64;127195.668;145723.752;146981.841;142845.639;136774.13;130230.147;125150.255;127602.587;129638.441;132886.395;138909.778;145697.052;151742.923;157625.842;164940.484
Romania;4759.825;5184.455;5692.446;6245.028;6830.821;7008.038;7282.259;7479.469;7664.297;7475.802;7311.564;6591.668;6174.566;6452.763;6891.719;7583.491;8072.124;7755.468;7502.519;7559.151;7961.925;8571.362;9462.635;9940.305;11328.136;12305.565;13776.668;15260.94;17413.722;16736.692;16387.906;17146.817;17930.23;18957.621;20034.1;21108.464;22480.873;24650.525;26447.945;27997.853;29554.754;31071.661;32647.556;34302.195;36044.819
Russian Federation;NA;NA;NA;NA;NA;NA;NA;NA;NA;NA;13407.403;13167.817;11491.825;10755.096;9583.225;9395.668;9222.497;9543.355;9153.492;9915.773;11201.561;12121.081;12914.767;14189.826;15671.776;17262.278;19288.701;21497.414;23081.741;21423.757;22633.619;24260.044;25586.565;26430.35;26626.148;26246.614;26551.343;27473.647;28797.195;29642.432;30819.555;32132.472;33493.858;34886.547;36316.349
Rwanda;464.645;502.67;501.796;532.759;608.802;634.12;659.757;651.369;653.325;619.136;630.123;604.826;659.001;644.191;412.512;555.449;638.409;712.74;715.58;676.809;684.49;709.88;782.302;793.57;862.586;959.319;1059.311;1145.525;1257.117;1318.204;1388.273;1500.192;1613.595;1681.164;1774.084;1906.566;1993.595;2104.825;2287.346;2451.977;2641.564;2851.273;3070.842;3292.526;3531.301
Saint Kitts and Nevis;3257.119;3680.938;4168.317;4264.554;4872.908;5386.419;6026.042;6741.614;7758.966;8588.843;9400.425;9895.614;10344.836;11034.33;11731.279;12242.214;13054.82;14099.181;14250.741;14856.602;16823.316;17769.699;17995.893;17307.543;18197.493;20129.629;21136.679;21529.537;23091.358;22240.093;22594.656;23550.647;22693.405;24295.731;26249.254;26672.976;27168.856;27648.537;29322.838;30577.752;31949.737;33247.806;34477.953;35738;37052.662
Saint Lucia;2232.813;2534.307;2712.406;2895.137;3194.896;3653.673;4200.076;4410.17;5124.488;5703.175;6433.425;6584.468;7155.534;7317.73;7443.729;7583.299;7819.634;7761.871;8217.154;8460.895;8527.09;8315.631;8416.603;8855.724;9646.163;9791.457;10597.214;10973.626;11596.541;11905.263;12016.417;12653.789;12715.299;12561.458;12824.09;12865.549;13289.359;13768.86;14114.224;14491.572;15159.182;15835.328;16436.973;16910.876;17400.397
Saint Vincent and the Grenadines;1697.126;1913.102;2066.867;2200.112;2382.864;2545.192;2718.015;2784.862;3243.124;3462.793;3736.144;3917.998;4292.674;4553.134;4597.241;5013.869;5161.008;5447.654;5755.972;5963.476;6208.318;6451.386;6923.778;7536.525;8060.227;8524.853;9272.168;9769.978;9895.749;9762.018;9635.96;9851.705;10161.122;10586.339;10798.065;10989.286;11184.722;11465.837;11969.826;12454.343;12982.788;13547.494;14124.407;14730.086;15360.281
Samoa;NA;NA;NA;NA;NA;NA;NA;NA;NA;NA;NA;NA;NA;NA;NA;NA;NA;NA;2910.257;2920.429;3122.409;3408.04;3636.582;3873.503;4074.922;4452.223;4654.627;4771.493;5003.241;4702.471;4629.341;4949.659;5025.807;4974.121;5085.932;5184.149;5553.619;5760.498;5899.443;6151.874;6492.739;6712.622;6938.44;7172.195;7414.659
San Marino;NA;NA;NA;NA;NA;NA;NA;NA;NA;NA;NA;NA;NA;NA;NA;NA;NA;NA;NA;NA;NA;NA;NA;NA;NA;NA;NA;74571.484;74664.04;66605.987;62914.037;58183.641;54487.881;54335.076;54306.247;55742.081;57408.633;58540.531;60333.678;61575.455;62912.6;64398.549;65816.103;67262.289;68747.978
Saudi Arabia;38781.256;41212.635;33034.613;27444.705;25817.502;22880.33;26010.189;23699.652;26429.188;26024.841;29618.575;33537.381;33562.762;33244.944;33326.405;33280.364;33950.148;34080.166;34611.277;32980.104;34760.723;34252.145;33002.963;36496.84;39486.852;41575.391;42581.86;43070.398;45122.21;43070.455;44269.458;48288.074;50421.275;51275.392;53528.789;54997.785;55206.16;54416.024;55730.184;55704.327;56912.366;58212.112;59609.865;61097.675;62612.748
Senegal;1028.062;1150.956;1281.741;1225.416;1279.251;1323.217;1350.643;1424.461;1422.222;1491.743;1493.315;1539.575;1551.473;1561.737;1549.841;1622.521;1642.753;1681.602;1758.417;1852.275;1907.181;1987.921;1981.302;2097.66;2221.28;2355.75;2421.051;2539.261;2620.727;2621.438;2668.788;2684.326;2791.326;2834.248;2987.527;3118.453;3256.506;3456.087;3671.203;3852.951;4078.546;4329.105;4653.191;5148.468;5514.234
Serbia;NA;NA;NA;NA;NA;NA;NA;NA;NA;NA;NA;NA;NA;NA;NA;NA;NA;5985.606;6224.064;5567.124;6152.816;6613.048;7198.951;7676.297;8616.167;9816.144;10671.66;11711.405;12668.229;12465.997;12754.622;13387.032;13616.722;14325.922;14429.129;14914.457;15654.01;16362.503;17552.396;18564.493;19767.465;21066.759;22438.51;23898.669;25203.658
Seychelles;4516.21;4694.403;4852.58;5017.627;5390.514;6083.901;6214.805;6401.36;6954.102;7922.604;8788.618;9213.133;10052.791;10814.837;10493.139;10608.013;11709.196;13207.611;13420.783;13599.675;14366.205;14335.297;14467.713;13859.109;13877.832;15527.838;17140.906;19336.08;18863.616;18723.348;19515.072;21553.492;22552.87;23884.389;25036.172;26030.603;27293.396;28810.451;30382.946;31693.039;33118.141;34900.632;36706.068;38533.28;40355.515
Sierra Leone;836.11;910.072;963.313;962.681;1008.592;951.385;950.581;975.965;1009.582;1075.773;1117.62;1056.964;978.105;1007.428;1070.855;985.732;753.651;628.368;623.183;569.925;588.314;684.717;841.495;894.375;936.757;971.172;1009.434;1089.458;1142.488;1160.918;1209.122;1282.278;1471.268;1767.008;1823.348;1433.177;1506.877;1558.854;1616.494;1690.36;1765.243;1847.201;1929.233;2015.843;2106.456
Singapore;9018.53;10426.019;11347.33;12635.325;13975.585;14308.275;14806.291;16559.881;18596.936;20673.45;22655.033;24286.779;25705.623;28598.364;31448.472;33390.07;35086.429;37384.461;35740.279;38026.565;41662.801;41000.369;42886.269;46342.336;51612.833;55809.577;60745.435;65230.201;64230.604;62873.499;71566.003;76034.334;78979.067;82881.26;86576.375;88946.487;91336.926;96414.481;101386.821;103181.171;105689.464;108965.24;112996.115;117315.435;121992.481
Slovak Republic;NA;NA;NA;NA;NA;NA;NA;NA;NA;NA;NA;NA;NA;8199.595;8844.542;9686.656;10526.836;11245.357;11808.998;11942.261;12344.876;13082.166;13889.762;14925.626;16142.494;17766.3;19850.289;22583.865;24306.209;23136.2;24549.345;25758.941;26629.42;27467.419;28718.048;30198.33;31436.181;32994.141;35136.455;36640.197;38321.539;40130.293;42000.193;43955.541;45895.598
Slovenia;NA;NA;NA;NA;NA;NA;NA;NA;NA;NA;NA;NA;11150.934;11793.718;12683.958;13479.064;14214.629;15214.975;15907.327;17054.175;17990.043;18953.613;19889.124;20847.614;22326.508;23882.398;25944.17;28401.26;29971.461;27616.794;28111.911;28900.977;28603.887;28759.575;30069.609;31027.216;32306.565;34477.301;36741.444;38462.356;40343.946;42267.339;44072.897;45921.579;47801.135
Solomon Islands;805.126;836.887;845.354;883.603;888.713;861.573;851.866;919.982;937.87;988.404;1019.083;1085.725;1216.531;1258.903;1351.089;1476.37;1485.418;1456.143;1450.94;1425.215;1215.686;1113.279;1070.536;1131.737;1224.68;1390.282;1454.108;1551.763;1656.025;1554.324;1642.87;1857.746;1937.844;1986.524;2022.3;2050.197;2092.12;2162.671;2251.231;2302.517;2363.495;2424.358;2485.195;2549.535;2617.81
South Africa;4644.845;5222.164;5382.818;5350.503;5681.541;5655.043;5641.621;5777.563;6101.508;6353.598;6423.987;6416.657;6263.12;6331.692;6521.317;6721.325;7007.244;7195.709;7203.578;7369.992;7730.663;7970.053;8278.848;8597.619;9132.864;9800.354;10533.775;11247.309;11664.195;11400.636;11702.556;12150.01;12465.599;12800.969;13078.444;13171.307;13160.102;13396.126;13629.758;13753.786;13965.171;14241.314;14560.892;14889.998;15227.159
South Sudan, Republic of;NA;NA;NA;NA;NA;NA;NA;NA;NA;NA;NA;NA;NA;NA;NA;NA;NA;NA;NA;NA;NA;NA;NA;NA;NA;NA;NA;NA;NA;NA;NA;3373.947;1579.944;2012.356;2044.753;2001.513;1635.781;1530.686;1503.755;1602.299;1715.137;1783.059;1868.428;1946.12;1977.748
Spain;7907.393;8539.124;9130.161;9599.478;10074.592;10601.314;11153.641;12053.86;13110.549;14277.935;15355.128;16232.292;16688.302;16806.939;17519.368;18580.5;19334.106;20373.941;21448.826;22673.935;24148.278;25531.197;26258.563;27093.822;28259.598;29668.551;31341.491;32750.304;33211.496;32001.472;32243.637;32467.682;32100.454;32225.558;33373.422;34985.416;36476.429;38264.747;40172.154;41592.343;43007.499;44442.693;45893.928;47389.517;48925.708
Sri Lanka;1068.689;1215.906;1341.706;1423.85;1557.689;1670.187;1759.336;1811.008;1906.339;2005.412;2186.678;2475.265;2424.525;2639.571;2885.251;3098.53;3514.936;3921.23;3880.323;4028.345;4438.237;4416.394;4617.744;4942.442;5308.427;5770.151;6353.266;6917.899;7421.485;7692.855;8355.038;9193.36;10171.451;10618.177;11249.53;11824.84;12343.781;12860.158;13443.436;13897.273;14508.78;15264.783;16089.282;16980.169;17956.257
Sudan;1111.205;1255.569;1348.905;1342.595;1254.191;1250.764;1364.434;1447.998;1534.757;1577.465;1511.848;1623.591;1701.935;1738.631;1786.093;2056.141;2158.029;2280.378;2445.845;2535.2;2745.963;3033.123;3184.311;3355.075;3530.559;3756.117;4018.074;4252.086;4387.461;4189.63;4290.429;5230.108;4121.854;4145.456;4285.976;4281.879;4322.498;4347.173;4229.275;4071.718;3986.019;3922.958;3906.577;3921.942;3954.278
Suriname;NA;NA;NA;NA;NA;NA;NA;NA;NA;NA;6671.095;5857.375;6151.25;6067.937;5695.592;6377.235;7135.764;7653.333;7815.77;7742.611;7813.508;8254.368;8595.191;9204.537;9961.951;10653.966;11477.854;12248.402;12826.617;13134.25;13788.471;14658.366;15293.492;15768.012;15854.237;15240.107;14327.844;14649.897;15110.525;15531.858;16043.622;16568.935;17034.781;17581.733;18183.733
Sweden;10453.734;11954.991;12867.766;13641.794;14719.77;15501.504;16231.032;17109.127;18052.146;19068.37;19792.559;20126.536;20272.206;20363.815;21449.944;22720.938;23492.004;24628.999;25947.844;27435.336;29345.081;30338.924;31384.191;32557.502;34742.133;36713.544;39281.131;41403.764;41772.786;39944.169;42569.287;44467.271;44690.027;45544.71;47160.862;49234.847;50210.365;51742.207;53651.789;54628.095;55988.99;57769.521;59569.946;61454.781;63449.902
Switzerland;17198.705;19033.84;19827.861;20608.963;21952.671;23371.785;24176.58;25019.974;26580.641;28605.222;30485.285;30875.33;31129.868;31528.375;32342.295;32960.218;33537.527;34816.114;36163.445;37145.581;39302.384;40488.558;40875.152;41335.322;43264.937;45706.094;48720.025;51736.779;53259.958;51727.708;53252.93;54772.139;55782.096;57222.931;58988.447;59637.768;60632.899;62231.145;65009.82;66196.093;67557.7;69238.281;70897.496;72602.201;74356.25
Syria;2075.051;2381.478;2510.25;2564.928;2404.721;2573.663;2420.452;2428.937;2741.983;2589.827;2866.401;3185.718;3585.366;3834.047;4023.585;4221.128;4318.621;4243.068;4422.983;4241.734;4323.169;4459.072;4665.36;4522.013;4814.171;5104.52;5390.543;5707.769;5931.986;6177.252;6373.364;NA;NA;NA;NA;NA;NA;NA;NA;NA;NA;NA;NA;NA;NA
São Tomé and Príncipe;1360.358;1309.007;1401.992;1368.028;1299.098;1426.736;1334.542;1291.024;1325.607;1380.106;1361.953;1385.178;1385.668;1417.414;1452.016;1484.147;1505.723;1518.703;1545.737;1578.549;1592.532;1638.837;1672.901;1778.932;1854.24;1997.659;2186.46;2253.209;2413.245;2418.945;2537.348;2631.218;2693.583;2799.941;2963.476;3032.977;3116.939;3222.784;3313.074;3387.299;3498.701;3635.626;3795.404;3963.282;4139.909
Taiwan Province of China;3473.664;3999.15;4372.63;4882.351;5485.48;5855.883;6595.013;7533.204;8327.373;9316.624;10088.47;11189.361;12276.24;13298.692;14474.762;15606.712;16742.195;17891.332;18694.871;20088.632;21675.499;21745.969;23202.13;24515.611;26713.587;28933.843;31339.731;34156.732;34946.499;34537.238;38583.444;40777.485;42251.943;43831.658;46318.609;47061.103;48169.387;50520.186;53074.323;55078.21;57214.156;59573.24;62007.24;64515.408;67087.639
Tajikistan;NA;NA;NA;NA;NA;NA;NA;NA;NA;NA;NA;NA;1317.31;1190.874;950.327;839.878;808.255;823.648;859.916;878.518;956.848;1058.682;1151.356;1266.97;1409.847;1519.176;1639.695;1776.546;1912.111;1958.141;2063.115;2211.621;2368.811;2530.888;2689.612;2818.025;2978.747;3182.41;3426.533;3589.168;3751.151;3925.705;4108.323;4281.077;4464.009
Tanzania;606.945;647.352;670.346;691.536;718.69;752.153;793.633;835.94;876.795;917.091;986.433;1006.858;1001.065;1002.706;1007.454;1034.529;1072.573;1102.434;1130.697;1174.652;1229.429;1297.408;1374.416;1455.039;1566.269;1685.8;1767.282;1913.56;2002.729;2066.386;2159.586;2309.852;2402.616;2533.559;2672.73;2782.167;2915.297;3077.893;3273.038;3402.385;3561.685;3741.426;3939.232;4156.622;4383.839
Thailand;1609.731;1812.377;1987.11;2150.683;2307.25;2432.074;2560.498;2825.58;3248.208;3764.562;4280.92;4742.19;5288.746;5819.481;6349.715;6934.372;7379.116;7220.916;6672.777;7001.605;7396.566;7774.161;8334.81;9048.193;9818.796;10489.311;11278.466;12141.193;12517.511;12455.124;13468.872;13805.019;15025.32;15636.321;16024.876;16639.538;17319.458;18304.149;19484.028;20364.545;21360.919;22534.579;23801.431;25144.396;26571.611
Timor-Leste;NA;NA;NA;NA;NA;NA;NA;NA;NA;NA;NA;NA;NA;NA;NA;NA;NA;NA;NA;NA;1861.277;2050.435;1912.608;1895.621;3140.893;4321.178;6183.759;6542.499;7163.803;6707.433;6632.834;7403.674;7748.545;6841.545;5036.985;5998.113;5964.671;5395.537;4972.603;5254.116;5321.137;4722.868;3900.013;3841.078;4016.398
Togo;786.789;804.805;793.768;753.583;796.683;822.884;838.211;811.071;896.842;942.729;1008.182;1010.685;977.641;818.611;929.97;1107.081;1053.108;1078.581;1033.124;1041.955;1024.233;1026.122;1053.453;1115.403;1104.876;1057.714;1088.995;1075.702;1110.723;1149.698;1201.305;1270.419;1343.271;1412.602;1484.724;1546.149;1608.526;1669.268;1749.715;1825.808;1912.628;2007.227;2105.291;2208.061;2316.109
Tonga;747.495;927.75;1105.22;1202.26;1776.176;1945.149;2170.351;2255.943;2242.538;2344.379;2533.77;2757.442;2699.638;2748.118;2870.152;3051.608;3106.315;3034.834;3154.09;3256.532;3350.367;3517.743;3639.481;3727.586;3857.436;3976.09;3978.25;4046.569;4227.239;4374.136;4515.073;4681.78;4746.634;4787.816;4987.423;5270.322;5640.548;5907.781;6148.481;6485.883;6866.787;7219.76;7552.695;7876.142;8204.538
Trinidad and Tobago;6999.736;7887.336;8552.795;7845.807;7548.61;7369.43;7190.68;6966.521;6874.023;7033.289;7356.458;7790.918;8718.999;8816.552;9281.936;9800.898;10663.833;11642.371;12711.162;13904.891;15158.325;16008.092;17349.978;20027.296;21962.634;23863.421;27938.444;29770.018;31200.652;29780.742;31018.393;31447.28;31670.943;32710.715;32840.879;33633.713;31656.724;31557.703;32283.649;32715.237;33713.038;35043.749;36296.106;37461.939;38689.825
Tunisia;2149.48;2414.74;2490.924;2646.54;2865.901;3024.336;2926.572;3132.913;3191.399;3341.863;3600.94;3791.639;4098.3;4210.418;4370.889;4502.635;4824.179;5117.492;5366.034;5708.356;6026.958;6336.444;6469.838;6847.562;7412.294;7843.189;8426.194;9141.698;9612.462;9871.921;10222.862;10120.677;10603.788;10971.199;11372.732;11494.559;11626.565;11926.868;12384.355;12661.262;13092.761;13617.015;14286.821;15007.828;15858.745
Turkey;3442.6;3844.281;4126.657;4392.279;4756.107;5009.304;5356.43;5924.371;6148.747;6292.511;7009.261;7190.896;7667.571;8344.76;7931.385;8546.425;9172.288;9884.41;10159.27;9815.245;10550.267;10003.794;10685.422;11359.877;12636.002;14028.13;15287.204;16287.611;16526.762;15641.013;16895.68;18908.808;19953.465;21728.478;22966.095;24290.729;24982.883;27017.81;28044.394;28264.268;29326.503;30463.958;31642.487;33012.595;34467.889
Turkmenistan;NA;NA;NA;NA;NA;NA;NA;NA;NA;NA;NA;NA;2988.643;2725.981;2244.282;2079.399;1938.719;1721.742;1832.712;2139.565;2564.001;3119.625;3630.059;4284.982;4994.366;5759.006;6510.296;7337.827;8480.199;8957.038;9737.297;11212.539;12464.537;13715.89;15133.162;15987.673;16920.187;18138.138;19518.095;20410.693;21855.387;23376.736;25010.89;26739.429;28584.571
Tuvalu;NA;NA;NA;NA;NA;NA;NA;NA;NA;NA;NA;NA;NA;NA;NA;NA;NA;NA;NA;NA;NA;NA;2618.319;2551.191;2543.117;2482.285;2597.799;2800.735;3043.165;2894.626;2801.684;3046.547;2947.832;3103.864;3191.474;3505.859;3635.486;3809.162;4053.323;4276.879;4535.13;4806.456;5086.119;5368.992;5605.585
Uganda;417.323;460.393;513.281;542.598;528.198;511.123;508.111;522.153;564.177;601.377;641.075;651.399;683.068;721.45;768.261;829.886;871.821;898.899;935.075;991.884;1019.884;1098.046;1155.612;1206.083;1266.362;1389.748;1481.987;1589.26;1728.286;1820.09;1919.34;2025.656;2045.196;2116.633;2190.863;2272.303;2280.506;2367.719;2497.299;2630.54;2752.794;2895.207;3040.917;3245.87;3538.979
Ukraine;NA;NA;NA;NA;NA;NA;NA;NA;NA;NA;NA;6698.609;6164.36;5392.628;4288.287;3878.825;3594.239;3570.33;3575.646;3651.609;3991.364;4328.954;4670.96;5251.518;6072.986;6504.784;7254.965;8108.465;8490.097;7291.73;7710.196;8327.929;8523.039;8694.549;8756.347;8014.483;8329.551;8741.485;9287.334;9774.642;10310.059;10897.179;11516.337;12187.856;12896.917
United Arab Emirates;74532.941;80920.229;74972.71;71378.739;71349.14;68110.163;53756.096;55687.045;47043.443;54450.007;70403.182;71122.274;71880.811;71020.106;72743.551;73213.159;77506.395;81041.701;75198.871;73953.338;86005.188;84185.494;82874.283;86627.686;92036.604;91159.884;84499.227;72193.921;58514.172;55016.228;56103.705;59461.205;61475.208;63800.766;65864.012;67883.73;68664;68337.512;69222.478;69434.762;70441.547;71662.953;72575.01;73556.33;74605.251
United Kingdom;8852.518;9610.554;10421.895;11282.276;11935.77;12796.995;13433.724;14465.059;15806.315;16800.468;17508.69;17841.287;18269.169;19131.636;20249.299;21121.989;22001.352;23281.528;24263.253;25314.157;26681.919;27934.007;28961.318;30345.707;31727.771;33487.503;35139.277;36704.891;36984.748;35433.71;36170.119;37221.673;38230.852;39449.305;41049.316;42116.547;42959.079;44301.434;45740.756;46826.969;48168.869;49657.67;51159.256;52737.563;54378.102
United States;12552.943;13948.701;14404.994;15513.679;17086.441;18199.32;19034.766;20000.968;21375.999;22814.077;23847.977;24302.776;25392.931;26364.192;27674.021;28671.48;29946.973;31440.087;32833.666;34494.539;36317.741;37101.103;37971.28;39411.546;41629.858;44025.56;46213.508;47869.24;48283.413;47007.674;48402.581;49825.501;51556.171;53061.235;55010.066;56787.457;57901.072;59999.508;62868.917;65111.596;67426.835;69643.836;71760.346;73953.425;76252.108
Uruguay;4253.279;4711.762;4506.398;4500.268;4582.415;4766.8;5263.69;5789.243;6045.535;6316.829;6536.606;6956.354;7633.418;7974.098;8655.47;8654.941;9247.59;9769.068;10220.512;9989.734;9991.135;9850.052;9313.73;9731.538;10447.745;11468.809;12279.487;13431.06;14656.249;15326.204;16623.054;17763.024;18668.624;19798;20735.916;20948.418;21441.552;22328.141;23157.966;23580.531;24515.57;25684.111;26633.736;27619.699;28760.335
Uzbekistan;NA;NA;NA;NA;NA;NA;NA;NA;NA;NA;NA;NA;2149.412;2101.251;1995.267;1982.531;2014.035;2088.783;2170.027;2263.144;2411;2533.692;2644.468;2772.256;3024.316;3296.557;3610.615;4006.378;4384.727;4696.026;5067.239;5385.69;5851.186;6337.754;6805.196;7262.054;7648.123;8001.652;8498.357;8999.594;9594.591;10236.868;10915.844;11639.409;12412.331
Vanuatu;955.039;1054.458;1104.65;1154.307;1270.173;1274.442;1260.809;1236.804;1223.999;1282.646;1466.209;1532.437;1576.548;1594.718;1698.247;1706.903;1733.558;1803.102;1798.087;1784.415;1889.202;1823.358;1716.678;1781.811;1859.965;1974.237;2156.566;2276.699;2415.103;2460.956;2469.946;2494.999;2529.299;2565.354;2612.944;2584.991;2664.13;2770.353;2862.812;2956.564;3038.822;3116.699;3194.728;3277.771;3363.351
Venezuela;7861.698;8242.201;8723.69;7947.54;8427.859;8531.856;9122.176;9556.721;10280.419;8977.072;9595.047;10628.554;11264.48;11303.218;11025.527;11449.826;11391.374;12077.166;12008.843;11230.304;11513.485;11964.88;10898.03;10075.701;12045.897;13489.219;15034.496;16534.597;17479.26;16795.405;16492.576;17285.972;18341.664;18646.908;17998.576;16824.126;14058.784;12263.83;10797.621;NA;NA;NA;NA;NA;NA
Vietnam;436.806;495.516;558.017;609.439;671.599;717.803;741.804;762.259;813.713;893.647;955.554;1026.204;1120.776;1218.746;1332.157;1465.616;1605.947;1739.46;1832.106;1918.289;2066.26;2227.036;2390.797;2576.097;2812.134;3104.955;3384.389;3682.972;3925.225;4124.727;4394.462;4716.975;5004.492;5311.56;5672.365;6048.552;6422.274;6917.877;7513.112;8065.696;8677.537;9344.543;10059.237;10831.319;11668.411
Yemen;NA;NA;NA;NA;NA;NA;NA;NA;NA;NA;2153.918;2259.589;2382.326;2416.568;2516.478;2604.484;2673.751;2766.941;2873.965;2933.854;3087.821;3174.782;3248.637;3327.016;3442.765;3633.178;3746.156;3856.173;3952.546;4012.781;4244.872;3672.368;3720.751;3853.057;3802.875;2686.2;2387.935;2244.425;2253.315;2280.383;2311.681;2615.273;2816.808;2992.397;3093.425
Zambia;1360.701;1537.617;1535.767;1529.649;1511.145;1531.84;1542.919;1557.978;1710.829;1661.917;1661.891;1655.937;1678.397;1668.452;1433.627;1467.691;1546.072;1588.906;1557.523;1609.379;1664.904;1746.345;1807.479;1919.62;2055.948;2213.353;2393.401;2588.349;2762.289;2951.539;3196.641;3342.46;3555.579;3686.505;3812.344;3844.442;3908.437;3997.776;4117.823;4148.028;4174.26;4206.187;4231.521;4252.782;4276.017
Zimbabwe;NA;NA;NA;NA;NA;NA;NA;NA;NA;NA;NA;NA;NA;NA;NA;NA;NA;NA;2520.741;2535.639;2489.225;2538.787;2386.609;2035.068;1943.785;1840.053;1800.924;1781.964;1510.064;1619.416;1943.276;2243.803;2544.849;2568.178;2610.39;2640.498;2646.265;2782.078;2908.261;2701.968;2777.691;2849.68;2918.492;2975.823;3041.747
Africa (Region);1791.202;1892.277;2008.495;2057.644;2131.059;2195.853;2212.17;2223.611;2319.787;2422.284;2383.879;2440.736;2422.059;2431.802;2474.314;2525.521;2633.95;2698.562;2764.024;2821.858;2918.67;3032.674;3147.326;3276.619;3466.86;3689.175;3922.2;4171.409;4321.284;4379.787;4570.67;4622.448;4794.782;4908.707;5040.931;5127.035;5157.809;5285.809;5461.083;5593.577;5774.726;5972.29;6185.083;6410.71;6644.581
Asia and Pacific;1170.315;1323.659;1436.947;1546.581;1674.234;1798.238;1897.499;2032.702;2227.595;2397.732;2582.115;2753.197;2938.618;3107.977;3293.253;3523.252;3761.932;3947.434;3938.061;4116.883;4388.196;4589.793;4814.8;5138.093;5576.035;6096.358;6689.918;7373.431;7799.236;8085.315;8767.257;9411.521;10029.887;10693.52;11377.088;12009.193;12654.62;13496.079;14423.082;15238.572;16157.719;17184.012;18268.827;19429.961;20661.953
Australia and New Zealand;10222.434;11469.277;12054.974;12324.295;13426.949;14323.946;14749.971;15570.871;16449.526;17560.953;18235.512;18364.864;19027.048;20065.722;21320.827;22138.797;23186.093;24367.976;25420.58;26656.138;27820.748;28794.09;30128.241;31197.682;33038.669;34586.295;36097.19;38014.936;38870.167;39152.882;40002.587;41335.873;42999.225;44016.65;45355.713;46327.605;47360.731;48628.027;50367.577;51331.894;52693.029;54287.072;55964.13;57681.979;59434.768
Caribbean;2464.393;2725.672;2887.239;2957.599;3015.548;3023.893;3111.948;3286.514;3361.353;3530.896;3562.332;3653.487;3882.391;4018.207;4073.364;4389.848;4603.787;4872.957;5089.624;5338.447;5602.702;5747.175;5960.632;6136.275;6396.409;6913.069;7600.111;8105.427;8342.959;8194.469;8532.898;8805.576;9012.949;9358.536;9808.126;10239.415;10552.873;10929.32;11596.551;12069.773;12639.647;13266.886;13922.3;14604.631;15329.648
Central America;NA;NA;NA;NA;NA;NA;NA;NA;3083.796;3240.129;3411.263;3572.163;3809.078;4010.166;3864.165;4012.051;4121.536;4290.703;4456.246;4578.34;4750.292;4853.472;4976.408;5131.693;5386.321;5686.093;6108.136;6585.59;6904.895;6803.233;7030.107;7433.718;7824.431;8138.943;8475.638;8784.107;9069.045;9437.282;9767.303;10043.838;10424.173;10839.55;11271.088;11727.999;12215.411
Central Asia and the Caucasus;3442.6;3844.281;4126.657;4392.279;4756.107;5009.304;5356.43;5924.371;6148.747;6292.511;7009.261;7190.896;5455.278;5592.27;5276.129;5504.319;5853.222;6267.687;6450.218;6383.717;6925.219;6887.745;6502.518;6961.116;7702.135;8589.267;9502.338;10318.793;10646.891;10418.344;11178.258;12217.362;12895.311;13900.462;14623.024;15246.292;15576.852;16590.958;17309.51;17675.807;18420.069;19203.813;20011.489;20971.388;21937.228
East Asia;1315.593;1489.026;1632.251;1773.514;1952.252;2130.518;2265.584;2460.529;2722.432;2929.082;3149.89;3404.134;3631.41;3858.529;4134.907;4445.158;4757.635;5029.213;5149.05;5412.682;5824.076;6158.612;6541.801;7010.756;7639.71;8389.832;9287.159;10364.239;11095.577;11584.295;12680.744;13726.236;14729.814;15812.267;16900.762;17888.302;18892.689;20212.027;21698.367;23076.08;24546.378;26178.081;27888.677;29707.944;31647.414
Eastern Europe ;4856.761;5112.664;5404.6;5816.525;6154.469;6416.557;6715.394;7019.325;7354.026;7632.664;7383.999;6849.175;8883.518;8441.136;7835.943;8047.723;8061.565;8323.122;8309.459;8788.08;9677.084;10376.563;11044.208;11994.324;13237.502;14493.574;16104.76;17844.087;19118.943;18063.701;18919.079;20197.108;21067.142;21779.01;22448.371;22599.809;23194.672;24354.437;25782.348;26863.772;28099.523;29414.705;30766.138;32164.839;33606.03
Europe;9292.738;10129.022;10796.601;11411.433;12095.767;12763.693;13341.124;14029.145;15055.586;16114.945;17013.062;17670.991;15388.946;15340.733;15613.195;16096.433;16505.142;17132.328;17677.832;18512.088;19783.561;20776.017;21488.679;22365.364;23745.834;25158.647;26990.395;28798.898;29753.411;28455.078;29447.372;30723.045;31350.719;32024.087;33049.61;33783.441;34663.785;36166.819;37840.673;39043.793;40460.294;41986.468;43531.525;45120.07;46761.442
Middle East (Region);11856.48;12329.682;11723.466;11610.48;11198.445;10761.623;10590.574;10564.688;10613.656;11026.892;11360.043;12418.802;13059.454;13331.746;13501.658;13764.937;14278.883;14542.734;14786.816;14606.652;15626.891;15705.392;16098.959;15768.636;17297.333;18266.879;19330.212;20205.402;20791.382;20458.975;21284.705;24300.642;24687.395;25210.113;25719.393;25901.158;27110.545;27227.921;27348.253;26943.004;27571.75;28341.82;29023.168;29710.07;30452.138
North Africa;3699.754;3737.126;4062.987;4240.07;4401.857;4634.275;4601.682;4545.867;4729.941;5000.246;5277.937;5560.634;5580.207;5587.705;5764.068;5780.698;6073.305;6238.091;6540.84;6781.353;7079.406;7331.524;7556.882;8012.024;8447.085;9046.919;9658.535;10302.335;10526.895;10712.961;11089.215;10580.514;11317.297;11303.589;11346.246;11636.128;11957.404;12288.892;12862.779;13288.147;13884.371;14520.28;15185.094;15873.581;16525.9
North America;11009.77;12285.744;12654.321;13439.316;14686.9;15574.365;16126.007;16879.121;17946.997;19088.075;19853.93;20273.306;21129.854;21926.633;23028.507;23625.796;24691.136;25972.692;27132.578;28458.225;30005.197;30634.573;31306.793;32401.951;34187.689;36075.979;37891.533;39241.101;39617.307;38400.458;39590.001;40823.436;42224.231;43390.403;44951.984;46300.216;47200.265;48854.035;51019.944;52627.773;54374.596;56104.514;57782.457;59530.959;61370.758
Pacific Islands ;1280.959;1402.815;1459.272;1499.214;1568.751;1597.446;1688.641;1740.658;1807.716;1867.458;1876.772;1988.322;2120.129;2385.196;2515.895;2478.412;2605.786;2465.988;2534.358;2600.904;2546.338;2558.649;2600.125;2680.263;2754.619;2858.214;2948.615;3111.693;3125.79;3200.73;3333.757;3322.701;3358.327;3476.054;3838.242;4100.88;4220.001;4356.877;4388.682;4572.716;4700.565;4832.771;4983.145;5149.822;5327.877
South America;4649.17;4846.81;5010.895;4948.217;5239.961;5507.833;5904.162;6161.43;6316.617;6407.241;6386.735;6722.689;6944.308;7312.387;7717.87;8027.002;8125.949;8529.569;8598.24;8478.535;8802.767;8945.521;8965.861;9198.876;10000.146;10706.587;11516.66;12477.65;13201.76;13014.897;13870.861;14706.43;15209.526;15816.896;16027.229;15828.963;15431.476;15665.045;15978.265;16041.136;16559.041;17218.732;17931.023;18692.175;19459.257
South Asia;590.612;670.32;724.049;785.434;827.738;882.342;923.753;963.36;1057.417;1135.086;1214.121;1257.631;1326.079;1386.496;1473.761;1576.846;1690.238;1753.373;1833.865;1962.383;2051.264;2148.294;2228.077;2394.303;2603.517;2878.345;3171.875;3496.397;3652.572;3886.085;4225.945;4523.967;4794.947;5102.284;5483.512;5873.204;6301.268;6772.939;7301.974;7765.603;8327.21;8970.919;9671.158;10430.401;11241.927
Southeast Asia;1408.037;1604.89;1735.555;1849.427;1961.806;2043.187;2141.786;2250.087;2473.362;2752.391;3028.274;3298.125;3537.771;3831.679;4139.579;4482.205;4806.42;5002.037;4246.25;4382.434;4684.558;4871.564;5130.394;5451.32;5876.52;6326.68;6822.315;7372.961;7808.63;7940.898;8512.174;8983.102;9577.159;10109.022;10639.921;11133.786;11660.828;12370.351;13190.272;13900.833;14694.467;15583.785;16536.595;17554.36;18642.901
Sub-Saharan Africa (Region) ;1195.891;1316.187;1367.303;1377.702;1426.459;1440.18;1473.254;1509.032;1578.856;1634.207;1706.691;1716.881;1699.617;1715.556;1732.682;1795.076;1867.13;1915.409;1950.336;1975.313;2038.066;2130.955;2233.207;2310.119;2462.115;2620.656;2788.889;2972.043;3115.789;3158.185;3322.223;3492.974;3566.879;3710.817;3868.06;3922.318;3913.359;3995.343;4106.165;4194.399;4310.353;4439.358;4582.84;4738.601;4903.389
Western Europe;10266.79;11233.6;11988.944;12656.88;13424.152;14187.41;14830.758;15607.973;16787.555;18016.753;19166.834;20076.313;20692.665;21055.746;22022.151;22981.399;23776.675;24847.46;25837.715;26928.094;28471.017;29625.872;30292.554;31020.847;32439.675;33890.084;35825.57;37620.873;38240.976;36700.711;37754.434;38975.113;39379.204;39994.389;41258.171;42396.771;43453.025;45178.392;46997.954;48258.009;49772.097;51417.972;53068.024;54757.475;56507.965
Western Hemisphere (Region);7968.998;8732.628;8984.352;9363.595;10131.946;10698.894;11136.93;11627.012;12236.259;12862.537;13235.883;13587.283;14125.794;14689.078;15343.119;15775.132;16332.783;17154.311;17768.246;18384.985;19298.416;19663.555;20004.308;20648.717;21886.494;23144.868;24422.8;25532.548;26037.941;25326.214;26283.125;27259.545;28177.012;29018.068;29893.145;30482.543;30765.533;31702.009;32945.086;33796.773;34920.503;36092.918;37259.532;38478.896;39744.947
ASEAN-5;1357.285;1543.475;1666.738;1772.473;1875.659;1923.042;2022.455;2159.382;2374.694;2645.397;2913.71;3178.221;3412.208;3693.994;3987.755;4324.272;4641.545;4821.466;4389.323;4515.107;4816.087;5011.003;5270.779;5590.772;5996.141;6427.836;6892.245;7419.964;7873.387;8013.626;8553.537;9007.273;9611.13;10137.68;10664.198;11159.911;11703.647;12423.504;13252.848;13989.22;14810.152;15730.906;16712.062;17756.376;18870.354
Advanced economies;10185.878;11281.346;11919.125;12698.416;13711.675;14585.339;15277.758;16151.358;17406.512;18672.362;19793.083;20591.604;21292.236;21809.039;22863.659;23689.674;24698.53;25838.301;26690.203;27880.568;29472.285;30405.741;31211.259;32242.743;33983.183;35804.564;37781.638;39576.015;40162.952;38893.396;40334.101;41654.711;42746.234;43893.571;45413.775;46697.287;47746.583;49630.073;51776.311;53368.843;55138.684;56988.965;58835.499;60741.699;62729.492
Emerging and Developing Asia;561.368;638.779;698.973;763.396;833.093;903.154;959.928;1031.803;1146.666;1243.36;1342.734;1448.055;1584.083;1737.876;1908.883;2089.749;2271.438;2414.433;2436.263;2596.592;2790.118;2985.575;3195.796;3484.415;3836.838;4275.323;4796.017;5417.068;5863.011;6288.805;6903.978;7522.468;8120.838;8747.581;9423.552;10069.001;10749.957;11563.049;12490.387;13348.667;14302.022;15364.303;16483.677;17678.994;18952.523
Emerging and Developing Europe;4346.507;4650.267;4933.824;5287.086;5629.31;5882.752;6194.906;6595.975;6883.237;7103.963;7234.974;6986.485;8699.661;8437.295;7826.041;7934.535;8001.279;8320.525;8328.943;8679.709;9530.524;10000.394;10656.728;11540.333;12769.15;14001.125;15498.408;17046.795;18127.684;17153.185;18075.877;19488.486;20399.69;21327.64;22070.981;22385.928;22969.518;24265.433;25572.468;26436.893;27602.069;28842.972;30120.37;31474.818;32879.621
Emerging market and developing economies;1578.164;1712.931;1790.48;1851.711;1948.84;2035.598;2114.599;2203.365;2325.738;2445.544;2559.169;2699.221;3199.725;3302.604;3398.259;3537.267;3709.669;3887.882;3917.294;4044.312;4308.527;4494.329;4686.646;5010.181;5465.524;5954.574;6529.905;7165.154;7604.315;7747.164;8300.833;8884.982;9383.515;9892.437;10397.943;10799.723;11248.323;11837.014;12510.164;13055.197;13749.593;14528.032;15342.752;16210.057;17121.158
European Union;9167.031;9985.142;10651.194;11260.875;11929.495;12581.086;13151.619;13840.228;14870.113;15920.918;16808.909;17468.614;17768.6;17953.323;18820.898;19501.077;20235.554;21154.939;22010.062;22951.028;24321.213;25383.964;26093.851;26862.753;28232.31;29639.943;31505.639;33269.092;34046.204;32737.2;33712.498;34950.317;35392.691;36031.133;37285.211;38464.575;39562.311;41331.662;43187.539;44539.255;46084.267;47741.67;49405.724;51113.488;52885.344
Latin America and the Caribbean;4664.475;5013.414;5181.006;5115.507;5395.363;5632.891;5867.073;6090.594;6247.136;6420.213;6504.247;6850.374;7102.471;7439.814;7783.157;7897.338;8118.187;8564.094;8738.904;8741.571;9127.674;9249.564;9286.086;9514.02;10230.837;10872.811;11667.017;12491.962;13073.318;12743.894;13508.558;14259.571;14783.027;15300.574;15610.826;15633.602;15504.995;15821.655;16224.256;16357.269;16859.51;17494.503;18178.593;18911.199;19664.714
Major advanced economies (G7);11008.503;12208.057;12873.461;13746.342;14875.289;15842.644;16566.964;17473.322;18826.787;20162.256;21314.215;22102.417;22909.311;23540.669;24607.808;25588.276;26609.636;27754.298;28696.209;29859.25;31471.37;32374.602;33091.739;34146.64;35875.527;37718.04;39650.6;41299.672;41791.794;40354.269;41768.298;43106.015;44334.07;45534.902;47044.615;48300.87;49265.918;51117.816;53263.598;54908.602;56717.471;58567.277;60387.366;62266.5;64227.239
Middle East and Central Asia;4845.768;5041.035;5032.806;5102.038;5060.064;5059.661;5045.523;5046.137;5167.805;5418.808;5788.108;6252.385;6032.04;6065.676;6145.869;6253.577;6521.789;6669.381;6853.846;6918.858;7349.898;7525.336;7509.416;7984.485;8679.392;9305.703;9974.99;10592.233;10918.534;10880.566;11302.092;11963.958;12308.405;12580.616;12874.187;13057.075;13558.061;13786.347;14105.289;14187.865;14620.486;15117.707;15624.172;16169.615;16719.809
Other advanced economies;6725.087;7562.619;8087.086;8620.762;9415.052;10034.041;10692.078;11534.311;12441.539;13380.472;14312.556;15127.36;15898.384;16775.241;17991.075;18738.037;19790.734;20876.786;21110.578;22417.424;24020.407;24903.77;26126.07;27178.916;29178.336;31134.301;33340.771;35685.557;36632.054;36267.812;38544.238;40340.545;41661.494;43109.409;44836.284;45929.633;47146.139;49105.703;51234.389;52606.22;54298.103;56276.805;58355.485;60507.309;62751.586
Sub-Saharan Africa;1201.89;1320.49;1368.609;1380.19;1438.864;1453.758;1481.044;1513.396;1581.982;1638.213;1716.914;1719.671;1696.816;1711.473;1727.366;1778.634;1849.232;1894.504;1923.385;1944.729;2000.697;2084.143;2184.665;2257.009;2408.145;2563.353;2724.791;2905.855;3050.534;3105.49;3272.976;3424.306;3542.574;3691.024;3848.573;3905.308;3893.859;3977.909;4097.845;4195.4;4318.996;4455.236;4603.913;4764.559;4934.001
;;;;;;;;;;;;;;;;;;;;;;;;;;;;;;;;;;;;;;;;;;;;;
©IMF, 2019;;;;;;;;;;;;;;;;;;;;;;;;;;;;;;;;;;;;;;;;;;;;;
